61581081052420
1315104728
100022733600665
1574227115
100041885093367
61580418282898
700486780
100052961462694
100014285117210
100031187689663
100000625986123
100024124041377
536974561
100093648369681
61577041853062
1517101526
100089227164156
100002968058708
100002284273253
100017604046669
100087511028630
100001084315835
100002568032724
1720703755
61578848660516
100000122186789
61556299929170
100001274097682
1273862896
100003833420179
100005381376632
100052687010636
1205435894
576392524
1324339199
761424737
100000493613999
629736644
100009879604276
1367333647
628376010
897280617
671691512
100064908334945
100000632261704
100009262891415
100027998181076
707740003
100013059002998
100037004387339
61578918307421
1176324654
100000564188683
772249401
1313064935
100001461339825
100026228528519
100000116028025
631595177
531570499
100002541516971
100014898488348
1438188808
100004614395746
727433600
1651544691
100086588010168
1529328882
609994252
100009938981662
100024054126645
1772947763
100009324467964
1045365640
100001441617571
100080209059067
100003237818136
1111124425
100011431778554
100090129766661
785244306
100005713572803
100033784453773
100093090489475
100077178584016
100011989775863
1210615669
1133828394
100079094301066
100004939874238
100000305341770
100070538531087
100001969423857
61556037791930
61564934789891
61567693310986
1175289669
100091673928270
100008338748855
61564497653504
100005586643491
100092612126546
100023947984464
100050735529359
100024775688308
61570881996731
100008124762416
100095203745739
100000504677556
100089075956391
100001798894303
1490769126
100002248006622
100077718078916
61574904422999
100010674767844
691547500
538571689
100027632132706
61570447230529
100068069569369
100002569752005
61579635478297
772982801
1419949227
100004036878940
100001216555297
61553521600584
535913561
100000593125275
1241054585
682218368
514465601
1675953564
735513955
751477867
100001607169898
61576420079621
100008522268497
100001452121574
787140361
756769552
100043679626178
1551336528
100006159877362
100049693741853
596711410
61566456694618
738421275
100000110576501
100089468162415
100002695451597
61578924639275
100063670363955
61561616406311
100021454003468
100000067694976
100012744104772
100027523295469
100002055125368
100006040183103
100024303244185
579029283
100043054102720
61572892828451
100015678765027
100004544809329
100051152329727
100004895673922
100078958771659
100001616976693
100092889800624
100000187520046
61577256492184
716582997
1031001359
571258223
100014590693104
100017904948991
100000905301616
100001444743131
61551558144063
1305401112
61578181094746
690797450
61558109366501
100003537378046
100042588377608
61555886324701
100006713888521
1206600147
61557499596104
100022083546203
61580621969915
100021649601084
640088718
100036144724427
100000271021627
100008121791164
61553716695068
100010602257207
1465999133
61578306293500
61565693109905
100029329506959
100001519634810
100002839726516
636380307
61577430617957
100042003277328
100065522266903
100000862805188
61580719373453
100000215772328
564590029
100005146247629
100012963225324
653152696
100002033917266
100000807381364
1431810641
1539395865
61552108715623
100000293941041
100006541232646
100001243459255
1288094834
100009362567305
100016298532663
1361863894
100001521242249
100009634369876
847069478
100057401749488
605411065
100074689862291
1068652560
1800866130
61570409098206
61577323948686
61556072443837
100000148034429
1360503755
61558785320365
61580208494631
100004792921113
100000207433291
100061559951966
61579983724511
61574123680486
61565493293766
100017279190559
100034639215536
1230262010
1195560213
100094317685026
100000386591507
100027741698693
100013635998469
100023519024473
100001140301393
1581392494
100088124040561
100050560530261
61575065760080
508500561
61564704733169
1700007350
100092580336669
61557405600308
100034821153220
100000208442154
100002039984931
100075518470517
698284400
100001514570790
100001360983675
533928715
100001452484007
100003610475877
1519306288
670390159
1433020580
771483960
100006735074735
100080014857177
100001040807432
61554834057636
100075228411687
61553944452900
100021349441962
1411087236
812138507
61564921380050
100001369362767
100087707061962
654386092
100076916018308
100000439303876
61553390280421
100034356484250
100025866194731
61568097297228
61577201229678
100001844854102
100057440525089
61561664105873
100041448129923
100069923630414
100070943652393
100050545413302
656888904
1522923060
100061417144676
1442127619
1181435871
100000417017312
100027247051213
61559187711513
100055560793043
61563004944444
576371747
100062669331241
61573119111657
100088810142932
100000914431466
576578731
100004710390157
61577601743537
61565823875425
61556076473751
648043249
100001540843495
100000462948481
100016917069383
1815895085
655407744
100078694156456
1611443147
61577389602818
100010972690111
100083894353482
1497417036
100056075719345
753260560
100009757992779
607742661
100024718381256
100046202332946
100024456140637
1261320227
1241768447
100041358999137
1439357317
100004048064876
657554074
100006758566352
100004916612701
729984774
61563347244574
61551760417615
100001090365825
61575605696453
656787948
1180007415
61565948960449
567025876
100031418101604
100085122565426
100015832330027
1607560824
100069785615689
61577107133397
100000163885031
838144238
61571690936101
100003198074963
100000309895491
100006804168491
1434337020
100002022358790
786234639
100005351441819
100003106528174
100000048198895
1801896788
100003157880084
1178495887
100000864623018
1152803965
61561554680857
100092342054706
1133672159
100069941263217
100012111100278
100086658082824
100000686662605
1847964913
61574077964235
1130223111
100039373807276
61553759613713
100000726129130
100000786658834
61578062903245
100001241450506
1231336713
100055720172405
100002287685916
714702725
61580819552204
100083129677230
1285652911
100024747557727
61557248248675
100005949572061
100015445336991
100002309154382
1290040874
100051446768414
619181088
100082658258109
100001249459087
100063726803926
100003773362419
1103373440
100004107053171
100052066755801
61578759783405
100015351166676
100001678811317
100087590461581
571296714
61565188079111
597700515
61569733025985
100001030302899
1673440625
677331857
61581162940578
29101565
100089003047118
584736226
100001175973547
100009112491274
100026334382537
100080750805101
61567520684656
100002591306184
100000520025434
61579208254841
100000622541050
100016828502800
100000726030162
1401205279
100055642489748
805728414
100000181929145
737717959
100081253401212
532028094
100004034690092
100084722964553
100000500593258
1080520500
100007761610813
574976954
100001575128706
100056703445511
100000430035080
100072677016934
100086907650707
746643941
61575778374168
100041685549678
61578063808520
100075804646213
100048177798133
61574687422238
61553456415910
1097304272
100013605545655
100007182915958
100075993916574
100007319560638
1549907243
100009305405707
100001426547430
1827272181
100066628026606
100000151471877
100004287094702
814299515
100053772187763
1840958694
61560407319221
100000511940825
100011158599134
100025409452165
100014021103584
1224786002
100053912086630
100086250243637
100002619956611
100011589829594
100001744535186
100004937673809
100002782352451
61550893574848
623840221
100026368475248
692856725
566589125
100000325205971
100049418590272
100015845050279
1077668607
508152529
100001655554385
1377729455
100074050621322
100002551529124
100010037022608
100000516315929
100001558600776
100000251028457
100048387973748
100077209996773
100053709256106
100092492273511
100000235941359
100003661553942
677359887
100049837321478
549803802
1329061101
61579367919888
100065098841740
100019706347455
285900017
100092607536003
100013454237594
61572195137697
100024586791096
100005823915445
100001314200505
61570476544100
100000770267059
1354894287
100070153674174
695881390
1212382981
100003293403080
61568822306567
1701930043
61579033907466
1673552992
100017854411681
100002140202586
673571523
61561878450820
100011370548532
61577056602124
100000298549713
61577248570836
100007807783937
61573106825135
100003615050378
100002647267902
61576310950844
100010879500302
100048239650260
100009626745191
1180641155
100056109582929
100003547358716
100002121693820
100005263301747
100003179147830
1321812410
612153067
61561440943637
61576604935846
61573885060423
627799782
61556232477900
100001916720622
1475836168
100028004475491
100049776382413
1401714905
100001370122931
100000619835366
61578957851561
61551990070016
100001486731804
599946935
1033739062
1522052590
100000533372619
100000372795967
1024910486
100001762810230
535178938
100013888150846
536431982
61577403690781
100088246877498
100001844408357
100012567460096
100001753794241
762419846
1453162895
100004522275574
575274165
1171410787
100041936970232
100000553782288
100027133636302
1024170321
773044556
1266521065
1683876642
511474260
100005335024069
100027013463573
1077040190
100028571285011
61580430324259
1438483335
1454843976
100044080493375
100001285558894
61564849415812
719303614
100000671169061
537632358
100001410590889
100000674788164
100001647699013
100011514437999
100071419669224
1025892413
100000136945272
1268856923
100002264432636
100089100937872
100000485619138
100001010749931
1432570840
100003327143701
1222866935
100000456179312
100006734320150
61563906688943
100002184723878
1418957907
100002651079570
1485158616
61573080985402
627415697
61573587822961
100003322066469
100006343505704
100001436630674
100001055481201
61555116830354
100032199331414
100004553470378
1614594111
100027314421509
100088579972046
61579309364815
100041709496879
100025703590145
100001623791857
100023982822933
100085240671925
100081824388892
61554981031015
100002347134146
100007903907911
100000730226903
61550619087396
100000482622842
100015072582130
100062659800677
100012894706204
100065353039703
61561809752073
100003441023251
61553603035664
739470270
61577913248762
100000056559105
100001053827969
100009535430262
546917688
100073662648587
61578573160248
100007465721866
37525298
100002799357996
1776197823
100077683477797
100031179641994
100016393576135
61573465678706
100000914165989
1070483384
100009209141666
100000738745132
100022838421766
100061115130100
100010793403576
100009365110478
544859124
100001304666561
61572855064952
100028330295260
100005307760967
100011696629128
100000469811912
1082374186
61573051763054
100006200523996
100000367166926
736305416
100008897283867
61560285555654
797611683
100002821314249
100009865066737
100041226611936
100015219463832
61555832737598
521096649
61571861443412
61580189663507
509667615
100009198716721
100076422938392
100001462471862
61576908568138
61568133740821
100022119463301
100014197005079
100005176843450
100009285585276
528535090
100042503139079
100085114167805
100000560622460
100082858781689
100000701282414
100000183687368
1182184025
61553093291194
100015263406335
100002015243094
100046087368893
100021868570893
61579411591768
100005306164055
100000337132982
61573182620778
100068983610881
1108728524
100072982399181
100016762111544
100065001977411
518341012
100078463119786
526818473
1428367153
100032511081527
783972840
100013147412224
61571296682141
100032158074316
1008058482
100002411995822
100055695805745
100003586309342
1351187557
1580010283
1350496808
100000934354718
100004132338231
61557728543134
61554815940924
100001986268353
1526403034
100011139550466
516381048
1834407328
100053730275186
100086349186862
100061330992061
100028277706776
100013467489781
100041985164951
61572356485852
760030391
1356916472
61582280030095
572457893
100006868908567
100005794751306
100021840549065
100003787333642
100001963922557
61556194415007
653548031
100023064662594
100000190182621
61581916832105
100004837544665
100004171189150
100060975582801
611186569
61569114501760
100089127506953
61576834737124
61576175491344
100061930315639
100002291162995
100000298592133
100002226717023
61577304184746
100007358288541
596636872
100080735087430
100070257094963
100002331863439
1602293096
1632133254
61578814988175
100011706784670
1606653661
61556186012947
61550928650107
611414123
100002101113690
100035069421742
100009259580846
100008448579122
1512976764
100001546542218
100014522381598
100008596233280
647861144
61558740127349
658600830
61567067220440
100009411688969
1285482852
100007056765092
100051493532790
100086223435339
61565957257784
100092603734126
100004315238466
1571886037
100007689695099
100010229505179
1451022387
61582065632163
100022957631136
61576968971487
1523676561
1087070293
100050570823733
100000307063592
791045036
100011406431058
100000023828732
100001126042120
100023447323348
100009297499207
100040212646778
100001994907394
61553286941758
100093495411887
61560308030912
100003722803672
61580949596979
1454993104
100055781778437
100007654870846
100020626680765
100004198329786
61575307234000
100051064610962
100009806056182
100084120578649
100043225906929
1183681978
1345044315
1167121464
100061500938184
100034608310835
61567551583471
1428166758
100006699526649
714997931
1558759235
100000381382701
100031112992285
100001539060147
100029461600837
100004058868354
100045899084031
1619506127
100021428752533
1491324862
100012974644343
100088659981593
100031925779028
744546584
61578239644083
61563087460933
61564764250850
61571075143406
100034164193627
61581414576530
100000864811469
61579264185839
100012249675720
100087938000461
100005361846080
646267041
100064170690253
100000913602527
100028607532770
1355707367
100025795457496
842355532
100000715643833
100039794596613
100000534354055
100079624933155
1715421005
1455937083
1371260284
100040804689030
1635001377
542781758
61577201184007
1176667589
61555547102025
1828276509
657357383
100093679459665
1669735660
100001853301664
100010563463731
581426979
100006202627772
100008492298596
100063733686024
61555924283616
100002557197145
822285413
61579658937451
100004155526721
61577850662751
100087267608066
1474610738
733531578
1265731632
100032983368390
61565864068491
100004379381917
100036982029382
100081179350934
1041661328
100000856268483
100077632064024
61573763032601
100010642969401
100088559931179
100001557462802
100086279663767
61579594253868
1692278354
1465356913
100002165758595
100035398201490
61565352402602
61577024760913
515991800
100070332049819
61577080971373
1524444230
100091313365860
100005055570931
100074258239961
1537782783
1008417619
555333983
100019671007643
100000698511675
61554162752583
61566113319844
100006457393913
1534717530
674930696
61573054469145
100012257283053
100081924127821
100028817286221
1014987975
100000519971154
100081481394920
580905856
61556553752775
61551663034541
100000620254317
100000142177877
100008063268417
61565383306638
586203847
100051987165953
1076857906
100005552110787
1301421373
544189031
100044053126475
100000682933266
100002694524632
61582086777250
61577733080405
100001921908737
100080020015263
1677404068
61559773811128
1331811080
100002589268150
61559943397401
100060673234561
100001374638096
100001042270422
100001183195966
61551425349337
100002580513515
61554254438214
100080305842612
100008034725514
705922818
1043420699
100003733847557
100086987592526
685914675
100011415376573
100011012220645
61557859040541
100052200191803
100001605709940
100001130247007
100003689724324
518832196
100011416185265
1549552939
61568157150824
1110700133
100022998434073
609293289
100001760493299
1594241977
1593940360
100010741501438
100000920825932
100002662444537
61572529691202
100001989753617
100000735500271
100008531441819
100078338003376
100015122074578
100043572877389
602687606
579214987
61581658312685
677785029
819955304
1583532051
61550682582494
100054164756407
100001295897620
100022660744548
100081795651462
1645915948
100054953665265
61555665805860
100013369208753
100009435046017
100049760496746
100000166442057
100077210659520
100092986429276
100088839856847
100072546639067
100009184374853
632161746
100046338347307
1509506535
61580112743512
1100451869
684148791
100000073366027
61580936993176
673626723
100004083482627
100000180251088
100010435004741
1536292943
514288497
61550852229149
636492332
100007340357902
100000125666069
61554236218488
560181200
755417449
61577594125947
1527496254
61558574907655
1590660728
100000297079284
100002508344710
100002055916824
100078423734700
100055556956974
691151832
100008248392003
1385171154
100010295341834
61572379112661
1850346201
100002356745584
61569974306114
100003758255714
1602338460
1679209305
61578369326120
765237339
100061355103001
590009340
100004349911249
1046323623
100012628213783
100000755613268
100034606714421
100022503586189
100011646990867
100000208305790
100005905933321
100007286981277
718033573
100003109955484
100095093600688
100026973282624
1095909671
61561657044311
100011120043764
100001472717594
100006678757383
567474505
535369362
100003722578841
61582320085741
100018681015577
1095396083
1717315231
100002739499484
100010054877579
61571452610136
61578200810469
100005065921807
100026129623891
100019399964861
100087293250725
100002650641726
100003388080946
100091433453921
722266391
100000211211062
100009742633213
539688665
1721593420
555537842
100022880015644
100066515167252
1580539812
100000218859497
100081135547357
100047165105229
600895095
100001038323780
100001111446559
725455920
1320963647
633985537
61581851938134
61574628219557
100061185063835
1462961321
61580654970825
100001645749222
61551839608718
100015694419734
1648107323
100080369921304
100093055196755
100003229092156
100064068085158
100086558625898
1286401371
100001213664073
1364498611
100052363786126
100007769327045
100000029944300
100078760840992
61581300013550
1691334254
100025553384756
1154610517
100001569516991
1396953246
100023693506880
100035436964189
100004134348759
100000386730890
100006087061068
61582176089249
100000719712710
100001369023655
61559203555175
1630045834
61580873289815
1385051370
100060901106871
100000739303913
100000084871481
100074427245764
539183015
61574080286110
1008722084
100000200765768
100048175820552
100048306699564
100002943211650
1062777413
100000334110070
100090578363388
518841577
604344201
61579342298106
61576672421502
100003362982890
526691163
688722256
100005136188296
61578769268500
100055760265874
1233700026
100000073877365
827595393
61565563130403
100052313717748
100064953855371
770733049
61574661520172
100008457301805
100000958563111
100014100884913
100026782818084
1062455972
61555527370723
100006622367976
61558455006906
100000300228676
100055390353374
657605916
547731498
100013094801352
100000548906843
100080296283523
100002503735858
100083403948062
100010672392889
579851971
1247198594
61576345493821
100001878300595
100028425790628
61563959315710
1527306550
100004704222259
61575872466705
61557500177426
100009533087880
100009436235395
1206143545
100008597355346
100031171298407
61566985553063
100015363070614
1568370174
100075975214704
1315165574
100001169428742
100078834621420
100000798127649
1319520483
1836273166
100000716827499
100091977691366
100075346998799
100002048568639
100076255191050
100001781944580
100007582545521
100031965701178
100008989334064
68301580
1680804668
100002019953368
1785195339
1089816702
100000643600343
584487125
61569792894152
1819584326
1414035099
100059910606759
100004050802425
100000389866210
100022157025812
100080804123490
778610076
576871710
100000828349807
100022225112522
61554102510667
100009374934587
100089540651783
100067832460732
1620736328
100001573466420
100017191627874
100000250839098
100000375099359
100000275962607
100001925307552
1489257283
61573392872310
100009966879484
1812716248
1043175510
100008125023019
1619747442
1385121505
100000036138412
100012261676528
100000489061071
100003621644758
1643260800
1266486562
61566684516613
658364312
100002940186399
533967952
100049691083559
1488746387
100000226209806
558177028
100009190826599
100008660958336
100069270931859
61558948495604
1558680003
100002167707077
100026471236160
1759542606
61575653542110
100001244566063
100000337127559
100025169089572
100015318467186
61551129984699
892835057
100006922056114
100009262080844
1628282200
100035783922295
61553024518090
100055870187004
100070928710559
508845255
61563316027605
100083914732148
100000877896163
100011766637376
61557974355480
100043723061341
621331263
894770446
100066918309252
647381033
100056680312140
1124130122
1558690418
1103602722
100008434658913
1630830183
61581089102594
1172314740
100072706406792
100010116074986
100069698928726
100004705991994
100015291511218
100041837717716
100000171623395
100003098228970
1231880782
100004213568789
568203472
1253383824
1346427588
100000919886689
100001151884955
508722416
100003405121631
61578155701116
100060573022332
1803400868
100007569150273
100035047692249
100001058630434
100080941072612
100018561457102
100000242104205
100022380042382
61572296011451
576891874
61575692920028
100041280757254
61565028386117
100003350680139
100000743436930
100000045700983
100053858894499
100008999469700
100000170271786
100001141655984
100000194012200
100040342189986
100000075950319
61561114354135
61569029220286
100028223863249
100000580791859
100015063915658
61554489633743
100041340281052
100000981136080
100008657465301
1636008991
789135021
100024687162599
100058633676011
100000801964723
100004183209294
100094617925173
100080223416041
1469670322
100004019274393
549228991
61576679264829
100000664822444
627586194
100031199362848
100005093353055
1260289436
100083626359301
100038557140816
530654731
100000424791403
100002139682883
1013429550
100001336309985
100006669660431
61556246856167
100000095832147
1489200137
100077339042594
100025147176602
100050796482718
100002252706858
100027610643179
552874506
100000396014838
1460889327
100002542100554
1299442605
100066542814477
61554584489419
100079816677903
100007668693220
61581246825204
100006916243008
100080061610077
100004340916885
1093865304
100012336935715
100000300943603
100036553362685
100006362763017
61554955352064
100000103689973
518411886
100014751486245
61571008056995
100031639540450
100092134016443
100090918307861
694295640
100027466422239
100001459254939
100001774060380
61563252712615
100005700184234
61564578460851
61556855074972
100000435935263
100063277342183
61579843013878
100002197418662
1310818704
100066562326066
100024135273627
100081875794497
100081082540481
1115811653
100004773549605
100003363965217
615232729
100008594659487
100000071717658
100003252946061
100090450228601
61581939428036
100004060811607
61553963678229
100076202423623
100001975364485
100088265516422
1007470941
100082672725539
100011575664625
100003180577400
61573461460913
100025249297145
100051656881312
577272074
100040346793172
100094533199749
100060764635256
100003579808744
100026094728645
840314302
725200379
100002031334100
100030466639977
100087373173918
100001495693189
100001065707744
100094388471354
100081986112997
100016200405899
100005295966644
100043481970520
100094035002713
100009936276783
100000235370249
1081000006
1133222106
100000671428032
61581860913373
1045403577
100060188732308
100008094345861
100017833908916
752059802
100043485500365
1144955949
1089607048
100007826972085
100000109796245
1601791620
61579097387598
1496460895
100001613778174
61552220122093
100074636626306
1615787144
1405622242
100022013197931
819892862
690583497
100022713605435
100001045208538
100034981692898
61555674947746
100000664340501
618641454
100073641255991
100063145262671
100070304872813
100084685570222
100000404211422
100000277528180
100001369804492
521531495
1631149293
61573082711538
61573056200536
100004253288214
100053191549752
100004450871162
100000927315469
100037694618830
61579648943329
100000161155295
100034683881279
1606592407
100041201265756
1123129206
100086609102199
100023068834893
1593727455
571816489
100052805886482
61580149061145
61554220344330
100021929183453
100000997238616
100000852983737
61571898026633
1421240519
100057204636922
61570556032535
100013327653536
100000237312834
61573981837281
61550290408811
787078916
100002426597909
585506386
61551051661251
100066632721889
100000882848749
100000532448673
1321539764
61579581095179
61578582759808
61574815975208
100080126561240
100003988928262
1771969468
100092574930216
100006576300283
61558495787278
100021840333940
100015515238371
100062447772443
100027498709584
100006456417503
100001736557107
100000047448993
100003382314453
100001411928228
61580367676462
100038056716223
61573006116359
100000913030950
100018010124416
100000197416443
588164189
100000422818025
100000089262348
100053577034746
100004863523499
1301486511
100012976839375
61557283902522
1034722985
100088437421698
1553356373
100000993962866
61570869870158
61580088414607
100008164503764
100081034511993
61569619261681
61559651026907
100051276664346
427315
100011293694990
61581630094845
100042650798089
539150471
61576821729183
100037671834262
61552320656696
724544535
1027050050
100065907892932
100007102804294
100067410307831
100002313801149
1233396849
100086940489676
1341290922
635524502
61576303379953
1214516873
100000588026989
100001256614474
1519455233
1206572812
61577579672109
100000307721779
100013058080711
100002144303903
100006581020709
100054594050293
100011110152748
100000179003546
697906935
1078264623
100053467066446
61557214996020
1421059667
100045896250726
100005155034802
1248660825
1663541039
1000562546
100054472381517
100009272950130
100001215582422
100001264768294
100013967535218
100045969856145
100071973650184
100023245932912
670213035
100003619060503
61572611668245
100080316998859
61577986656698
61578203977442
61553540624638
1011933101
100001563311249
100001630078190
1633939807
61557541747046
100008919811672
61581156297300
100093666428231
100000834924050
553252215
100010118880028
100052043791127
100000221233435
100043028986748
100001189123054
100023985470495
100027596137711
100049827464259
100004258573418
100022860008824
100004469556436
100093514590849
658081197
1120959946
100000682189224
100000960880753
100003593068317
61559663843076
100000542611457
61567165101743
100008347146351
506164022
100040398383162
61579914337589
100002094557694
100001444138964
100003761456881
100007095673482
100000570696746
541074645
100036054639933
1619937056
61579998646687
526532824
100001134639075
1648702571
100045900102299
100001308081276
100013210698762
1844152970
61579797658233
100011744530157
100054154964517
100078131803050
100003705465244
100082497666537
61566899293251
61577270075456
100000289356047
100029739252679
1157527389
1318998544
100002216070405
100006248448913
61566809648664
607612369
100090002110813
61578823868688
100000186436866
1136600549
100004743825845
1389914479
100001084764124
100012937562942
501739832
61578674571216
1203660698
1135657656
100073477216895
1815843720
100056298901178
100005636221552
100000875607189
100044097372217
100078513486110
100002290720476
61569595046385
1488735731
610733982
100003460764568
61573406501719
1344085027
713670664
100012613574061
100053176231148
61580937758959
100093795671590
1794286472
100000530653716
61570639490772
100000344286254
748278051
61575732362334
100007180410276
100091661574034
100002608888694
739293032
100081816302372
100072751894709
100063264905347
527201716
61579054533465
624359235
681057925
100001941045260
100002879318288
100073746921495
1325554400
100078918976762
100008675713397
100000556813131
100009955069065
100000426566154
1478343940
100011911172390
100057062991938
61581118466529
722127403
100000417267428
100003932486844
61554993500685
100045813142343
100093288413420
1037191829
100068374418302
100001548193104
100010829074601
61560547247253
100006205337808
100085958660215
100007825006672
100080287358450
1618265506
784026527
61577864833394
100034706442530
1539739732
100001917077027
100006732881052
100003075215936
61581144146240
100015384726486
100025797367525
100009306138390
100000910500717
100064374549378
100010419045387
728336578
100090386824998
61571432042432
1430384957
513475032
100001937255813
100051614113949
61579733670663
100000204090007
1429724829
100009042325092
100000496650968
1448412341
100058689576681
100023157818168
100003989985903
1412645319
565443976
100039587624823
100005923357998
1233036999
100000944040127
100094251198778
1815500659
502129907
100003644752302
100022065047286
100064422723247
1603811896
100007837787336
61579365567392
100024372631030
100050560157765
797934185
100023110090984
100000166735209
100086025373493
100029866963917
724596174
1375667167
61579596722145
100071541450936
61572804636781
61573550170708
61581293675758
100006424732545
61574881286871
61577089349172
789385084
100034185303581
100036995230978
100001958459240
61559584857298
100005067432018
1258399297
100000487129210
100081079396225
1231412050
1210123927
100009653447154
100001226465920
100035581488605
100002394146830
100055537568887
100002304192530
1081526091
61561368497924
100054925514097
744708008
100002174323728
100081545577008
100051334233776
100007811053825
1071110781
689387860
100006336487953
572803803
100057918181399
100000300249445
1377774856
100006966377268
61551941012344
100025208537078
659778975
100001798937424
100091736603645
100010563371699
1317001832
764023915
100093248593856
100009363023715
734569509
100000950420982
1579239998
100070503976350
1525406497
100002015875602
100080660085082
818597102
100013641094589
845115227
61578380857370
61560959757909
61576739355191
100000842351768
61550614986402
100006481524074
100001891151863
1497061077
566276708
100027901792957
690504625
552086266
712557496
100055174585370
61554903935626
100011469252771
100051159152560
1247838815
100007402806776
100037050947368
1368124376
100006161110229
100003559947643
100070684177008
100024717256387
100085465503236
100003638130811
100001816577117
736630119
100002687067522
1327058608
100006321879538
61562420477017
1031161234
100003364067298
100058685499723
100033559389636
100086610805403
61552024696497
100000023972541
769249745
100029776025324
100010801509485
100059120844475
61559666439574
100000128035157
668617560
100038423106343
61573813856750
61560519010635
100081931610363
1836709033
100000120572541
100041081720913
100009642612730
100011380023093
100001479388233
100001149220678
100003368054578
100085030975249
100001602279782
100002482787666
20612210
100009928721556
100069779964302
100004282119911
61579993507133
1626184716
554942562
100010793351770
1790442675
100000993203888
1356307546
61554449040618
100089897460136
61580864172036
1079332980
868475214
100065516774481
100046535770931
100001300805123
761599157
100006434096725
100006093183434
100001291728090
100003997378320
100004008587126
1425138256
100040982409793
100067825698646
100001931147605
100003259899514
100000672842505
537395565
61556530732184
554966715
100002046514301
1100049503
100000355441061
61581754931640
100024468624037
61568307923110
100000508351581
100002480816085
589632670
1153740953
100001433270382
605998551
100001632170548
100051123427143
61580792870536
100009760843624
100011865342787
100059383487411
61550661566807
61559305423775
100094380351451
100001280281530
565465190
100087979125024
1486658053
100046080361615
513240269
61565808150700
100022498038500
100007890451601
1306637375
100003329409621
1423292814
61571051983494
584757621
100001046498034
100002124930010
1528389034
100050526737257
61555908833485
61556988777484
1346045980
100000317765313
100045321761322
100044218410486
100008374775266
1640719005
100004703414112
512224162
61576884226820
100001698760013
100054573006509
1205535817
560482386
755247124
1186616704
1681059007
61567869245273
100028883799333
100072201824746
100001960319145
100073416354878
61561104178918
100003842731007
100012596732841
61577741386580
659296802
1064621890
100004671331919
100001840923472
100002956780050
100009048222734
1450620926
803468305
517229658
100024524682717
61550261465478
100001721782755
100083278214110
534908011
61571935967798
100000733104055
100000243783142
661754767
100001984962673
100004285185795
1614276163
100084565746456
100003077850133
591402305
1138238364
100034763324257
100001663157686
100003487335800
100000413465614
100001243413670
100002720348091
100001715484724
100033399425786
1430763537
1175874997
61581266439570
1039305848
100065678462957
1489095898
197604503
100053421491297
100094901108557
61575873997871
500843693
100003529377774
61577801155576
100095111377252
1651666085
100010153087987
100001795830787
1806471661
100005127700962
100086751469268
100000157390636
100004575302575
100001140898387
100001653278551
1424353987
100083978823093
100003928144168
1199523741
100001037993150
61560757472288
100001358305897
100094291313163
100001461717074
528811482
1500971347
100010241525053
100005169990580
100092043875602
100004034357012
1133850275
100084108733396
1340680827
100056043554825
1014458254
100000584703371
100079977326477
1483892968
100009954421219
100027211842461
100003083108521
679275553
100012654734163
100067747291837
100081047457591
1185683662
100007328022374
100081983558991
1466560854
61556879602382
100012134343705
61554026454254
100071601987175
100054647019980
61579912832393
1411838034
1039031162
100005746751251
100000174415559
100039398258117
1452578550
503100198
61555583708630
100051610321227
61575564205554
61569995561810
1076753530
100027472405791
1435270041
100010077362616
100005988943334
1463280438
632389443
100006667176336
553367416
100000378722474
100001041681277
100002262528284
100007690965221
100007138033219
1049050204
100001874297901
1335872627
100003192949508
61551891297937
61581727953262
100091753419395
100006699768856
100001179885527
61567836724429
1534633463
100007629221725
1099663640
100001247971475
1596670819
1655893399
61569825150601
61561956336565
100001819843428
61577911926151
100090011172860
1256923816
61572473682550
100000110477903
100013081023392
100008179008395
755952845
100000498693141
100000498911973
1458846869
100063916938064
700933614
100065219255955
616580292
100005030554663
61552976245151
1656217297
100000139975299
61566852283296
770582322
100001495475598
100092589280310
61581494364179
100028289511812
100085646867593
100000614025238
1043544148
61568621882555
100002530804139
61559224422305
100000651584866
1650452305
100094058377765
100000611318444
1174726492
1671342204
61577390294561
100087974103490
100001785887594
100001168011149
1223945966
61577243067433
61557970611982
100002542951769
100089909823603
1312077429
61557230583467
61580407408645
100000122173119
61578424139425
794230432
61570130733622
1499695076
100004904297083
1726560325
100053025320158
1257820147
617302777
679084336
100048282132859
1244457138
61567804786765
100058677627313
1553070658
100010698227241
100003086134791
1639983141
619433140
723376019
100025632139205
1129771597
679605036
100048487904083
100014630503065
100000496492556
61575549586066
1235962609
100082479726942
1566222843
100087654398946
1229780447
100000483751493
61559528548764
61564939472665
507321469
100073403251447
100060119962199
100003555139792
61550042347119
1626722703
100068239354544
100088840955301
100050588985219
100075833251597
1012175260
61550169502320
100006580530425
100004951263518
100002774258728
100007270635968
100002319116616
100024028151446
100003121240303
100011699834638
100006273494095
100029417331929
100000713010150
100075883147080
61566465417069
788245933
100003278628738
628376067
61581191175388
100001302670396
100061114353721
709112651
1596023235
690628499
100050330378673
1140712212
100002135690367
61573540044378
100054855985782
100018001216338
1806510359
100010808285618
100054564735576
566159230
100009022174802
506361924
1621357602
100009719412417
743277747
100035252083817
100003780740053
100004366418777
100001730340293
61577058700742
100085708374824
61551514705469
100001367161878
672048452
100001203309254
100000186765569
100012533044956
100000204342772
529286891
100000452511873
100063635468963
100060506896529
100004667443029
100000477321153
100000686326563
509858912
100002206857929
61561787715638
61563639111286
100034957043607
100027405651230
100054705623074
718505439
100002169142666
100014387864646
100012486765063
100001330112514
1276581367
61581034719247
100027822578952
100013672541512
554524174
100014361939925
61562163961218
61574886658642
100089175635057
100073783663012
682458859
100008242808360
100003957027862
1350615526
1171014737
1517496390
100003336537660
100000001720005
100005484420771
100017241791351
1453057218
100006325004333
100011854896011
100000557220803
61575004313355
1477233793
100070584879236
100085024715411
100054645147009
100003594789902
1721752054
61550484685886
100026638031483
100006471423302
100001838927298
100057254485271
61561440821186
100001156054488
100001786907801
100051954945790
100001604871934
100095225120151
100002622398518
604652793
1786002299
100003742632204
100001730778433
100008774862091
100000475489532
100004334144982
100010257553685
61578910872295
100011555412647
61558065196318
100024326334073
100005354327216
100049552034206
100003309775796
61554951607990
100049660593173
61579691121918
100030116121483
1396296209
100070714620960
100000044673301
1340025970
100013741020471
785903375
1088959021
100000499667743
100049850077304
61578290035283
100084513771896
100057177793123
100088165862707
100000819083377
100001028123476
61574828121089
100061096745773
100000881603123
100004837325843
100075454221827
100014059057629
100028232400380
100006327180926
1075520595
61561922754043
100006934061627
100000975722933
100004052562949
100034786390740
100003234146185
100026069694223
751123800
100000699912867
61569187242950
100089864265574
100009678259350
1004951434
100001797554910
100046426867411
100029188275246
100024095444643
61577398213403
100094331868880
61557621032253
100001199449051
100000426705740
1047716921
100093117034903
509414335
61555779302158
667021525
100003819976317
100023868345484
100026627349442
61581599466095
1630364012
100022670416918
100000099002304
100001048104521
100083298721628
100002184713696
1549869824
61552398155714
100089590824328
100071283542355
643989202
100026956548714
100080928035774
61581390046796
100076971732718
100026554514341
61553786056551
100001608555459
61575843124871
61578218696536
100044399225003
100000271892373
100058729380242
100006296793232
100034729820404
100049198608210
100000486550683
100004788758628
61557699243696
61551409855325
61552705791127
100030806796619
100001566666391
1109014161
100001730016594
61582027314701
695566848
100005000311696
100003327726996
100002412317816
100009299787225
100009535089323
61556798042921
1055023165
100083835105813
100049554765705
100013417208561
556406804
1766367467
61571170832858
1709850071
100001752277079
658971905
1485304768
1392953036
100010944197303
1843110566
100001365996287
100000392220237
100005372382081
100000449888800
1338251513
1205704527
100007757796317
100006321871652
100094803319872
100053571697709
100000981987847
100004843514753
1466587269
100015269464544
100002005136795
1200290611
100001703536590
100003105609841
61581807304889
61554794356841
100013792419921
1120968829
100063881764919
61580935118284
100010793401651
100000322621862
1543315777
100003552393556
100013234278316
100002058454495
100093514944505
100085174286787
100005856317128
100090892664679
100070660364030
1510704122
570987921
100006056406328
61562690922808
100005138533056
100004380221961
61573115338935
61572313994136
100003701404061
100040058560152
100000501490188
100000926434475
100082619246890
100000118532664
61553518646938
61556929619745
100001035490952
61577199033870
565750661
100028632481590
100002978229751
100001210320439
1531267092
100052503751969
100019751259603
1325123875
100020503381650
61556319052461
100000082104659
61557025340950
100001929928447
61550027363618
100000414309470
1060721121
100067932933533
598228664
100064602642989
100000736628441
508762641
1476471372
1531502119
100072263178526
100010803495396
100056834740457
61581631767804
518079968
643143748
31107691
1636575806
839271247
61576900812420
100026055071475
1065426867
625306595
61557367559512
100006949474496
100001966480895
100075518405148
100005316434077
868980322
100002684534494
100010147474531
61573415018994
100001711053139
100065098927694
1209705305
100010375140361
1321664068
738093273
100064902616172
100030852044034
100000938964262
61565335980306
1730773991
61578764595789
1171452261
1075369918
61558440166207
100087248003678
61552725994936
609568024
100075854522004
100001307470188
100002449538481
100007409615083
100002714102976
100005348402688
533966235
100029320187951
100003223496792
1510906180
100007456472032
61577721021283
100006756408220
61568698202251
100010083759663
1021145700
61555859819204
100068535232282
100000671295923
100026914275297
100000342493850
100063959898554
100049416488423
100010695240149
61580948254638
1562082656
61578911056221
61572932259223
100024741697797
100034119905320
100002744384101
100054614903664
100091904804238
652090320
100093434527525
61551877672627
61560977033696
100001459979023
100080033412244
100045793867004
100089368342642
61579665742114
100001738753909
643427612
61562327781654
1149206829
100087198934788
100001861623611
100045227858313
100000549439512
61572662840923
1349764651
1062435654
61580856943928
100089342092359
100029107128385
1086683642
61560517598817
61581374474201
100090699202357
100083535446228
61555173075082
1302050703
100004757256106
100001496725998
100004057335026
100086235558104
100008067032242
61577749071766
100001434384238
100000426616737
100060136813242
61557930692576
100028364243614
1212786210
61570512268746
100003742802204
100080954602282
61555916566043
100089822678812
100004655385123
100014892007996
100000064552081
100078448387806
100001906649149
100081172718899
61556761060996
100002003659534
100001338178156
100000454792184
100063553004052
100000065704282
61576184565814
100092468021195
100010419371275
100001625020853
100000235875398
1591017431
100033244400397
100033694481680
61575510959203
100091425157774
1402748914
61571901625281
100051940523084
100090745610886
100000906754399
100080922203201
61556436131709
100067685033377
504550995
1045430665
100031965711944
100000120067124
100093199026924
100038961291972
100093693334417
100091901298542
61581089672033
100091637198550
61574224191393
100008572841291
100001677706548
100024407265772
1264525291
1783977315
1430473586
100001090635263
61578324490424
100065440333680
1543566066
61569160074678
100013600659118
61581797128766
100002017819636
100000679524100
100000003187573
576832978
100074582053458
100009002511045
100008870864800
100002445301472
539832423
100003016325316
100000037940652
61563783485037
100007188511458
100028243621801
100021909757512
100070415363479
61577050970789
529817525
100047866430746
61570379647756
100000416569017
100075301691325
61554463650654
100017320033893
1364051466
61580501727854
61571629285335
100011069853656
100088404610629
1523599051
61564421955932
100002934755574
100077643101052
100006731988215
100000051753506
1619254696
100009585012268
61576560985450
100018650743989
100008300555185
100015579249669
100091916666713
683764040
61563504287127
1472347986
100003558919817
1301167169
100000643755250
61562727587090
100050283793370
100094680754107
100023455441519
100001283622406
100030604984185
100090124915424
100074940325146
1626309886
61577354501158
100027702911085
100094611105815
1340771735
100087837967880
1441796882
61581581044636
61557170031925
61579350186631
100027237553466
1492502875
100027206089684
100026856551135
590546229
61576619145226
61564649067452
100002258461492
100083046181952
61572766377698
61576937117090
61581439822786
61575050720153
61573617256976
61572404556445
61580205806521
100056855120055
1459196856
100000099318431
61577373054791
100089795059687
61568443102006
61581868349574
61559743674258
100005135884396
100001456408805
100021649599196
61577175884935
100014630349697
100000270436619
100003491386103
100039758064219
61579310874873
61581551520717
100001492013879
100003369621162
1548822826
100019174955984
516358677
100047701149639
100086377413713
1518985265
675672378
61574904531469
100072165593326
100046458499817
100080844520859
100000046142191
100084702859782
100000493039281
100001332885542
565081801
100008611110977
100072452453095
100024360992541
61578791662881
100000209699485
100020098385169
100000264226992
61552521046452
100006815287273
100091590790790
61573784911982
100087204240945
100000964355523
100000215092828
100087367857634
100022771183911
822738393
1017125943
100008743232641
100002674380163
1338466286
100002190693260
100077883962562
100001234456642
100000284566561
1306006264
100004776106265
100003529366536
100005233637373
1254602528
571235546
1478631886
1171878065
100084512955417
61560559539475
100084454329148
100012334590861
61578983695736
100000982498181
719550217
61574859627656
100017593184658
855835301
100000665529163
706697216
100007326961482
1570681271
1067419932
61560899536611
100066086905884
100003738461714
100027172639596
100009043829451
100002440449349
100000601158654
100010293789447
100000913846635
100008936191768
684027817
802122519
100092994168650
1686609079
61554483536835
100023043070154
61558962106435
100002924394952
744424241
100034123488127
100011788855210
100012980520479
1488114891
100049716883917
61570898698687
688056181
100051646450075
100065603550946
61561407127722
651166850
61570075127864
100021922032262
61581735717218
1823896370
100022783877389
1092923332
100017084855370
100015664844825
60200494
1029339586
100002933320567
100017493588115
100073111911771
1295175836
100094570633084
1318293121
100076709105866
61578095933080
640807221
100082684745978
61575190165906
1524366806
61562547645209
61572248142732
100072695117430
61577386060012
100007789608430
100001638638343
1588934010
620673321
1122357175
61561029145406
100089712938115
100004377455339
100016143788656
1333318019
100053899214719
100001052294034
61574838036690
100035777740856
662931374
507528973
100038896593876
1146077505
100004002858958
100006743984814
565578943
100002497843655
1575020960
61579620365624
100030458595583
100001376665343
61580405733154
61556829267001
61559448129575
100065428671971
100006165194448
609164379
100000290645952
100005017470799
100077460655937
100039014982255
100000067947747
61558473675754
796217737
61556128573641
61578176447153
100076058287659
61562968479448
100004094551076
100081920465094
577263417
61576833045664
61557704492918
100037190300561
599611041
100055722501055
1096812430
100001094042225
100011402371780
100000716320917
61578926134366
100027396425714
100005181332643
61575141571479
100003643841806
61571054525558
1020867425
100080359252532
61551029823773
100013062949360
100000332953134
100034295870372
61578780672367
100091651429803
1253632696
61579003002932
100020220289487
564913450
100000161896148
100004271132387
100000525492678
100019663525413
61557859133253
100001534763784
1482257881
61581681895465
100012196293060
100089477356782
100001739260574
100009742650019
100041660963127
1085762754
1313774562
100092346453374
789568048
100083012396883
100065616705692
100000040913339
1168635396
1536960254
100000638175317
100068018646447
61556652315881
100057823762672
61581599969222
61581962933248
100004918849360
61572557370029
100089764487399
100049471103740
61567084267016
100092172531162
61569153212611
100000584794323
100007916172998
1586564141
61574621032228
61572465225934
61560145838846
1501977272
1128158809
1264313472
100011281728888
100001778927668
100072576589155
61579553257083
100001711206008
61565892740844
1365716891
1321174957
100074814133212
100061421293298
708081937
100075929145543
100004368820726
100003269463846
61572391146059
100069072841922
100015346895231
61558569142629
100000136238898
100075207480414
100001239754421
61552991126943
61562721347549
100001338931338
61577312361936
100087239244054
100000184644261
100004489604233
100001683448913
100000077936677
1534227918
100088573704847
100003568981058
100046102741889
100059196587127
61550682718767
100000902756245
61572426263222
61567154882999
100000960694503
100085482806053
1462997340
100002834614798
100001349835982
100040472590510
698429421
100075960660384
100091241965914
609310892
100003672342074
100001454458251
61564417367913
100003140790578
100027951559293
1040009352
100000843514964
100003641191329
1733068082
100017924700569
100040390521032
100008140146270
100010415748117
1253358154
100009340068687
61580126704350
100058922246205
100002169244133
61576314188598
61575734476415
100023977290413
100005513175594
100021640033404
61559713112865
1047836456
100039064416524
61578950702309
61567044807036
61578916734654
1236131999
61562868401963
100000345737665
100026681166175
668526064
100074298513152
100001407920645
100036460718730
61560660024436
61572327514934
100069817220000
538550098
1266146485
100009650509923
100041195063036
1827444603
61553343904103
1667889627
61567180914327
100008554111798
100004139917739
1537998708
100058886492258
100064190403384
100010404253551
694955516
100002583436918
1785954368
100002644372185
1526852184
100095047770773
61581849356586
100081060322927
100054345999472
100014634515349
100074889484651
100006917025574
61573830566887
100008885591381
1703342709
100080233608479
100039758598571
100027386926863
1831874011
100066815064556
100059953611142
100063654367395
718105867
100095660492393
100001717583317
100010534236180
717317918
100000528696624
100095188473385
100001694791794
1533773024
100004215189149
100000278123188
100003983050792
100073237965773
100027360636447
100048526932330
100013389720712
1774074631
100001414043681
100007409854661
61573712134373
1117267831
100069782065083
1289016138
100009177767473
1632378078
1674623411
688609497
100059164987644
100001739091314
100071967995203
61580425734322
100088666031176
61577831143280
100047799984177
61572206245848
100000771950768
61578570316543
1487734558
61572589799308
1337401876
61561595393390
706094085
100080504463049
61552570260583
100024376810253
100001958511406
551547320
100034401101525
100003166961129
1151719826
100001013638637
100000774826944
100001326954501
61576983497705
100001839355900
100000046024526
100044754484791
100000626461864
1303995121
100000170775665
61559734448351
700583153
100015088449044
61567474224867
100002129065509
61563582975678
100006420932860
61556595809946
100053572580266
100077144205240
61573280642089
1428066572
61573523438591
124801574
61580263300806
1385832182
61571292775027
100025441720912
100040293511704
100094973373382
1471175623
100057190806643
61574471744932
100071884273891
100024572240970
100088059365692
100086540928074
61578314994679
100001396703862
100090250792910
100009133696722
100034488542926
1085798522
100090764117784
100002405421745
100006669885998
100007913313465
100077309383251
100082778059391
100004450246238
100004663089876
624554068
501322604
61554151532798
100034564930088
100001288522131
691225897
100082237794352
100026828417695
100008893663956
551657860
100054860678542
1766655706
100000448972538
100011825015516
100024475658558
100000594716604
1244004716
100010426446266
100020139750782
100001580967005
61551518528432
100000459074358
100080297994679
100084036452520
100080506794313
61555374301939
1812298447
100006246521351
100000389680766
639883959
57905202
61561141400023
100040227579689
100087384304964
1684326005
100003720069819
100003608492903
61561986833508
527786453
100028816761380
100001747042153
100006799171029
1295142301
100066908621978
1570336489
100085346094115
100074017982458
100048463441245
1194163807
61581650857372
1486230449
61576346863627
618150200
61559159591575
1677717315
100001080858764
100014911350022
100045810550823
1258248924
100003187756166
1111226854
797038573
100000196991912
61578376450695
100001529940611
100003589430434
100085104345095
702692265
100000449033992
100036094596336
100001772592706
61573784624954
100058670450374
100000349196470
100000361801132
61552285122453
100023142541368
100055528663672
100056131875629
1170441837
100001458882900
100014042233358
100000471695795
587180146
61556746665187
100074635410653
898135240
100026575817384
100003704992007
61564329514722
557338854
100007821009015
100000155404238
100002832919097
1438184106
100000171617335
100001048599271
100052774034983
61556762596834
100008575842713
100068321311397
61556722438655
61579629358567
1038809875
534230384
695401844
100005969529056
100000696870459
1576981201
100004074300434
100081684931008
61560940817347
61557990327146
100025428944364
100015037447264
1519805103
1444823306
1417400141
100000558690256
1837788911
100083882963952
683020251
1214361513
100001735171071
100038202433192
529741660
61563415611756
100013211318176
100007925343098
100054476131699
100086776722091
100002531435016
100003755405990
1292113088
100037048600242
100063883171532
100052748713220
100087955358125
100001422434742
100000819546570
100008759040673
100020232924542
100073964027092
100086426138499
100001630079196
1631889662
100003194650988
100026596546824
100078984757798
100021559240647
100090009874362
100000016550374
61577425139817
100089691950540
100078684819191
558159797
100079512997459
100000429960524
61574411302924
100012229093511
100030209312275
100009486471646
100000841775506
100038258282720
100000419467888
100002740594558
100050991732011
100000340171310
100005067731935
61550257874457
669078334
61559441445045
100086463631937
100013102091473
100000011898058
61571261805947
100001750586783
100054093445600
100000426207150
100001624324615
100037485182100
1035056175
100000525372158
1071497092
100007169734184
100000069090061
100027752422686
61561717760627
100080955845188
1537845032
751771748
100001565329386
100001512106563
100062656101700
100003927692268
100001403085436
1318471064
100009316874224
1391908765
100001008345386
1241340936
1208351436
100005585622631
100009605709521
100081011952586
100000442824855
707554839
100002323346690
682824842
100063039390144
61557357230010
1528098894
677317050
61567813887118
61550882565001
100007497525653
100002216434581
1308789174
592225693
61578874465313
61556928396803
100000052990066
1165074407
61564906491318
100022274475556
100003566421352
100010724646530
100041951960349
61554837113624
1648282224
1840254369
100045038380182
61556067779895
100003533631723
61557765950600
100092494807148
61563532886541
61558650636039
100028569542220
502042409
100004907104109
1180090596
517823573
100000959467589
100006763920294
1020482144
100046709475265
544864493
1366341861
100002016784300
100000719715025
61579052902521
100001167865399
100004958743292
100054242596131
100001139438211
713713384
100082263551838
549089615
100003055594609
100083755478186
61579604525913
100001943898789
100094616868370
100008071351850
61578159223428
100089758836750
61573446626580
100000598340621
1237085526
100002694331660
100022035153124
1241800547
100004057575416
1189167028
100065237503657
100002719661341
61574721646107
100000630896696
100001274286615
61555284745366
1233581751
100000167102633
1118581272
100001630601022
100002205371693
100067021181468
1197021251
100000185816200
100000421384271
100088423992083
100002095571389
1264873063
1632962261
100060161845085
100028745930677
100013088074692
100012961602022
100050605620332
100032506180764
100087020017235
594181612
1195694009
100004254315872
553441256
1540662720
100068400346881
100010132753137
61552592459948
1118486368
1526076157
100001559297906
1310722425
100004744752400
100000570814915
61560525988015
100006783220409
100066615363533
100052844042176
100001943206689
100011776333728
1654998226
61574498714297
100003125832374
1649025729
100005156370491
100021583993305
100009049400310
1538662848
100087060825740
520376173
100000839368513
100011229432847
574605525
100000689558825
100051309810565
100002080147700
1392226839
1268452030
100095660108299
61550189376497
61558107164883
1585750645
61577687631532
100000036692607
100013260252943
100000131058633
61579268507249
100078994613000
100089298834487
100055023191388
100003537968085
61560458522291
100057182226625
100068592600035
61566601573412
61561315959133
57509030
61557826838188
100008141834139
100058327770084
61557023955166
100093973165952
100041894736369
100076712497850
61573097072548
1577536016
100055763838471
61573476955297
100052369813566
1315848928
100025421071448
61553793458320
687583794
1259223282
100059428424113
100005175998585
100025283083141
100059135055068
61574001921755
100006176257936
100076683463831
61563474890616
1568614738
100022501622878
100021937482018
1101363682
1662531798
1265635161
100003684135514
100095277290510
100089080436566
100011669996291
100003206750078
100004036424801
100017486626310
61565097626994
100000458311445
1198346965
100000009023556
100004448226525
1544231032
1372772805
100016469733733
100000267126490
100075114816188
100017426973556
1152857821
100003099714322
100000317545529
100007635432676
61574091263713
100071091409208
718856330
100058664586964
100082365822743
100002148833251
100094431524977
100063494684412
1598351181
100029306090393
100008318805012
61561495581191
100064017016043
100062262845392
100082640221758
100001072908064
1183593675
100005402497023
100000719836980
61577957522538
61580951132389
629617211
543111707
1770416730
61575037433497
1522055855
596139284
1433683892
1302475048
100023755937273
61559519536338
61559337474181
100000017117550
602305208
100089800296953
61579393840031
1057640669
750389544
100084683623036
1414724548
100000458588731
100024163752459
100001992353103
100063481117674
643828936
613320236
100006345037680
100006838097494
1156035629
1680228052
100001223269959
61554590054747
100069413760777
1125872926
61570117284449
100004443998765
100047047663489
1401426374
100009924304940
1281801153
100048836270237
100027678589437
61554410769745
1296324405
100057212588549
100002212890516
550135110
61578261730847
61579202356118
100000592234687
100078463362508
1138853938
1081958293
61564353008087
1085070157
100006360940273
100007357598699
100033504903698
100005755683869
100000098661544
1536583359
61554626563302
61581407556903
100001570813639
61573027282622
100000469021727
100022589166082
61559645333477
61563803751978
692327993
100087707970562
100041385673653
100000610179567
61553970149241
100051996572023
100002915221088
730025990
100000435692613
61559926875353
100090200104578
100000762865459
61574907237547
100002134150356
100047996302291
508804795
100007462562713
100001902649355
100030376488007
100006965498723
100000245760614
100012999280642
61576297451139
664780943
100065465512052
100000680412268
100001656637720
100033523801727
100091405202368
100033054679776
100011206981845
100083818321587
100001149097138
61556553804729
100054968050610
61557450065836
100092979904848
100054904366731
100004532165463
100000000902138
100057269508569
100028507536183
61580140501937
100070539157533
100021411420300
100017926053172
100001924374848
100012402481241
722722855
100008251004905
100019643942436
1175836390
100000628004141
100075405725804
100001485247659
100054244772790
1798787267
712480422
61573802617054
100001734369792
61559171004342
61579665717884
1782758012
100024076640440
100090824235113
61572582749172
100001093978156
1067588802
61560306432985
100039983436029
100037070302836
100000475302128
100012958384897
1287875280
673091681
100005152453490
100003247557785
1247485838
100012154338211
1674699078
100013159506132
100050161022652
61557561399892
1415582183
61581027385397
100093538116444
100001330855496
100008718498681
100000620413608
1738222224
100027417825092
100078540022594
1216755277
100081337347943
100013787767171
100036629221998
1369479607
100093997701426
100034704801073
100007507980688
100003622050817
100000598410805
1515513380
100001391807586
100001785538203
100001219632894
100002348958457
100084759445537
61577578167060
100003806120089
100049811424047
100000577404917
100002082135876
676590578
100057233526182
100089750783292
1620764857
61557384655568
100000918526917
1386533183
1621763683
100051808393394
100000712200459
570101601
100002939017381
619811171
100002284660573
100006351608227
100075713117573
100003472233247
100073965768377
100009848911914
61564103877514
100092453531419
100002311854101
61566308602943
1350324656
61557059915159
61552971225601
1187450872
61554315264044
100002298056174
61578331514774
100000940916433
100008945925458
100003579120698
100003291724744
100002762691412
1175623920
100027228664978
100078929085514
100001574315206
100000666625108
100089881995787
100076691044041
100008171828179
100071365884215
1035953890
100079664170946
100009343847422
559360845
61569631237718
100003715208683
100090701272696
100075054333438
100001552870775
100063492008731
100034642511048
100087600382982
61580929943157
100040038554103
1399611849
100080098878110
61576332386859
100008415131918
696622747
1663355434
61554831245828
100045350443410
100065250444325
100000737597060
100002262240398
100022429330458
100009061843324
100076630483905
61550046802237
100022583325865
100035234672979
1802690055
100034025840900
857905433
61579238757863
100094139952909
100083700735965
100001893997181
100000942183019
100001065093382
1821333784
100085087782373
1439442632
61579874503295
61550529973615
100009195869475
100002353467444
1234334140
100087451994387
100090567242093
61556734352374
100066959090122
100087246003122
1119694508
61552276880340
100003104449019
100009655389251
100082968796669
100073298812450
100071613225264
61567192921875
100050589377849
100030192412534
100009366069544
100038939142101
100078493921025
100033562637032
790299427
100008479212050
100000609510866
100050388583298
100015434144137
100001827639562
100039420285491
100011273984176
631454617
616000101
100001808829680
100003649867355
100025326230078
100010371678948
61565618203019
100002701407088
687251680
100001569157681
100000487651152
61574917741650
61560308456078
100000138582332
100001023549689
100003466645947
100002976453291
61554713831274
100040385889829
1505315150
100001821639963
100085169905704
100091446537717
100090448783988
100038265375839
61576103482791
671340155
61558056157681
100005616798013
100047834863037
100034799312355
755030904
874685586
689205715
100086127110869
100011268647764
100065452422479
100056029538252
100012635914379
100010351335236
100051030797097
61554422649115
61572527293310
100047168514270
1514160462
100051366731713
100002402866522
520661679
100009868037325
712046094
100038143448592
100001542533054
100011771019896
61570127017535
61580694165075
61555800276744
100091825625153
1261771609
61579719128173
100004502623851
100000549092273
100018059043274
61574248103075
100015839645578
100092533721329
100005466518345
100037008762052
61557797831491
61573488996832
61554230420552
100008011120853
100003142836706
1791830764
100081653732070
100073860854281
100010734210179
740039044
61557091072001
100000406304609
61574804231892
100019224937352
61563123030273
565469588
100000266153644
100020810717329
61576835619510
100035974655974
61564989702493
61574409179043
100000908408293
1643176002
100003316612941
1431754588
100001661011286
516268588
100088051012404
598768153
100077227240847
100009501716029
100076260518424
732594768
100038395922900
100002262640157
100032485090062
1295753613
61564978048362
100009459555421
100004274070394
100001814241832
100026528091174
61579905406519
100000495644587
100010731999681
100070882491113
61575804684359
100002139786092
61571382043713
100027876510500
100002057497194
1316139637
723317488
1820933800
61579254631908
61581615921648
61561363268714
100088457371933
1594101700
100055613103884
100048103343298
100063660835787
536353739
725114667
100010509282899
619237694
100000454358202
100002425751122
100074893454092
100000103464687
1389137321
100007204544743
100001460446890
100054575482535
100001748873812
100054156251949
1150911115
100001872597183
61560379351400
61579836542026
61579228284726
100000542563820
100054142963393
61554057363689
1546465554
100060332687961
61550838684883
100010187892324
100032810825155
832015430
100000984602954
100000110594622
100014308442684
100017798836660
100090153703014
833000006
100000760542388
1030549905
61580972434679
100010621279076
100000303376029
100007131525090
100080331638551
100046489260394
61564677537099
61553819705465
100001157927415
100082180135149
100094330170071
100013499196829
100002184937115
61578852681198
61557466410693
100006428988769
1024161035
100034878937933
1318928951
100006751450564
61581443582977
61579766880196
100009568744669
61579130617990
61570556624513
100081288303546
100036824237017
100000954559955
100090916509167
100083715090204
100055784381265
100005808962313
1004168342
1709306483
635551495
100070250590620
100088288841450
100009194814951
100024167272667
100056746461809
1163863957
100002194929411
61551755409178
61579141486396
61576913495262
100002152531975
100000600048216
692573857
100010941337531
61560384647658
613737541
100000094194832
26709009
100000710660089
100003028328050
100084028517183
1164676722
1089207924
61565022432886
100067054774301
100063651441761
100003272779400
61578592134007
1545440033
61576170786935
100008749206445
100059335693556
100004035070350
677852419
100014128243307
100001532516095
61550891382644
100030846752245
100087357701088
576685983
61580999026254
670856451
61553014739867
100079956695155
100080614818864
61566957307684
100013861235207
100000899437565
61565722934461
100043500135579
61564817840372
100035908607276
61557940328813
61558259938667
61555215637116
100077361770495
100018580274881
100002168181593
100003536061865
733628029
100094374410722
100083815390708
100075780091607
100091666595076
61566716591063
61570277123660
100055237478105
100007376861185
100001182265184
100033132243001
562969148
100000990030331
100001576949097
100049279691725
61577040497568
100036013803654
100023755341204
100025723250074
100000376117530
100013974887692
100001505309170
61578859671467
100000273072130
100004594951109
61575653825939
100010724900507
100058646074237
100000081439813
100086556070339
100017296091664
100040977949087
61575124360278
100002095203051
777839161
100085236278649
61578827312403
100001491212479
100069255200626
61578675579386
61581124295925
61567830540699
100009398532519
100030274794298
100087595574684
100077467434754
61578734286606
100056158923818
100057813040969
11614337
61579244881849
100002961694864
100000209315870
100000578197890
1555688129
1414208253
100081439834120
100033973249739
570712036
575394672
100033035070354
100004666177417
100082162131538
61572249474766
61572173134704
100001041654786
100093239019128
61574101615542
100089914449085
816790163
61555614873147
100007981712471
100010478880786
61552691571035
100007691801918
682124511
100001594304503
100043028963032
100002460488488
61575066013578
100000461615656
100065685216788
100000312220831
100021675667821
100003116821712
581932666
100052093322428
61573925795729
100069786886663
100003376636876
100002330508221
1822704893
100045489154956
100027958673849
100001420754813
100006466005083
100014535433056
100004333563882
100019611253476
100014414264126
61580958390936
100000652592823
61552274094625
100003866731248
100012871121967
719767356
674946252
100047394678849
1262971722
100053755803834
61578875939541
61558811259754
1153961296
61559303030610
100000894513043
543978992
729663512
100001899985560
100091411423550
100007640071333
100089459978214
100001091744673
100000028703339
61579445062111
100068572985106
647939131
61557847621989
61571701842129
100000760988512
1612891743
590046235
100003877966305
1605489512
1266227475
683692927
100007829975456
100086069824749
754367800
100008314658229
736077374
100005775911658
1665285438
100003337717409
666741229
100084075758220
1230651977
100010874132586
100007513456351
100090406413733
100090945458167
100089087827945
100055984833591
623099297
100024862682119
100093612692801
1460404103
100010247676759
1089282162
100091754133047
100010659490113
61561663560933
805809777
100034129382949
100004013076587
100003301827092
61581676797763
100010659437517
100088838413382
61579264331272
817069305
100071123373260
1159800104
100004966506686
61555474623178
100016710014671
100001974132449
100040133330409
61554666818449
1657697696
100000347498820
100008721787217
61558036568951
1147834625
100027793254166
61574176380155
100001607837896
100085301444964
100026637491800
100084194867074
100002347399173
100002272904548
100091836687224
100002187202600
838478804
100000515376490
100000741674588
100075785253180
608424277
100040245391191
100052007505924
694325319
100000419248076
100003478395913
623342661
1388324133
100015515706522
100022446601485
100003913000409
1591565471
654891025
100090344702536
61551602023395
100004048400190
1339398842
61551426688337
100010704707576
100069523899079
100001373408482
100006989563557
1768550186
61578779814347
100066728985826
61565965915043
737555112
100012356917650
100065104568418
100001064980395
100001352156315
100023434148857
100000013938422
1435607494
585000716
1166205425
100002758992342
100082317897421
61578905427015
61556998684101
100000833578861
100011389775783
100003223339391
100002844266402
100000536222887
1265694714
1380827412
61566660792441
1203792698
100000899841233
100014056427876
1453089624
61576982453131
61581745072341
100081020946626
1746561967
1304911225
100092591855577
61571188754571
100075405653929
61577032250418
71803311
100070869063127
1323071350
100010968182879
641015846
100091662347191
100001812339347
1184864984
100008147585069
100050059800679
100000002719927
100000381459200
61578161671084
100013267111913
61556838734844
61555935933704
100092275816948
730438627
506048648
1617901139
100000737484328
100052526502458
100003549858244
100016707400140
1803310978
100006043275668
100024915241816
61566839023422
100000195122620
100090534063534
100038136157765
100086327542318
766080199
100009682143085
100078142381969
100042351553518
836760299
772782523
1351860160
100027222672692
100001166042407
1415011665
798665108
100006202654368
684580690
61571769051842
796377697
100074895360843
638618871
100090904260352
100001582586284
100002287307092
1296855326
61574855607776
100073659953841
100053901218277
100000251417943
100028541615244
100000101832342
61581647433412
1291697740
100001262046688
664866691
100002357334006
100002285365965
647973446
100000126397625
61577576100955
100002101744528
100064792323478
720122428
100029295181748
100009527441403
61552663991055
1641347595
1246373510
100000503324637
100086510885445
100009445265902
61557128186360
100034324042771
61557151786499
100054304368852
513846994
100012181771362
100093601047951
1146264962
500017142
100086212805694
61556551087966
100081060987002
1599451074
100022313949852
61567148153508
100000653461483
61565190088955
61557842421592
1628396161
528885958
100023781862628
61580831235295
100007661800798
100058200767621
1549468023
61561109033520
1182304320
1293255698
100022113600842
100000226417870
637277101
100038906391170
1172706259
61567969942448
61554938549705
100036527230593
100039621489550
61580057463428
1740434175
1265152956
1083431710
100000127600511
100070169731500
61579731216978
100039699136410
1335058501
100025581826135
100004891681830
61573839100954
100000439398803
1350005769
100000592385125
100003141656430
61578164313421
80504877
100023818297505
100001382125724
100000771188484
100000303273543
100000467881469
558534185
1718398468
1358951128
100001494511349
100004917369965
61577280677773
61577381206104
61558458793134
1376208702
100000444397812
100000078983384
1097180078
100011133525585
100004036636519
61569505651897
519480415
61576105722705
100004470635121
100002972923244
600220157
100013584212568
61578738371895
100001101844460
61577168138533
557428180
1501418540
100005757944228
61576231900322
100088269498459
1561652357
100047339136842
100025452484277
100004266193710
100002058202646
61575049776205
100004765992352
100007173522618
61550531289509
100000274729810
100087960558672
100000019137681
100002094523164
100005164656651
678698184
100000939785421
100000512814226
185105298
1235929922
100030565022424
100001761896454
100014881209773
100000200934094
61579242573520
100036788721555
569797213
100001792236820
100014412972779
100045697540448
100068664722855
100080426418671
100002181580908
100018590415543
1065258921
519377149
1770984019
100003649922671
100069523857278
100039168610178
1091641627
858900719
696345485
100000568269512
1110481068
61566107255174
100003777873288
1069252575
100002483719838
100019095181137
100012299554422
100013016167026
1187718082
61579396342008
100090103723273
572146361
100038319138924
61577915076121
61555140632290
100002016529640
512857441
61578848396572
100088835370711
100057387048555
100095113475777
546314338
100000581938946
100064780417616
100007024987817
100000324265004
100082852655994
100004945950797
100003214817027
100046757737277
100004335010234
100071947066293
100007288120991
100094332023928
100016521609562
61557317100467
100054340275701
100001887520098
61550812871242
100007890586913
100000344463028
100001840441206
100007589071019
61558486781900
100000434872622
100094131182834
782337668
1133662699
100027064473431
100000689108301
100095717520898
100000668101226
705519006
100002363956710
61561477594916
710124377
100006403897416
100003035240219
100079925478202
588729571
100000702214316
100006267310632
61579011365927
100000817436997
1596897759
100059396716374
100055594201327
604867411
100001270406217
100005637939551
1229508738
100094879730676
100000088189059
100032360100111
1007588054
100061794009083
100000329430215
100006741005540
100009422987416
100034783051600
100025137759116
1039490122
561364571
612616042
100007788019393
1623822086
100006965653506
100003772812602
1507381198
100001225589083
100010128721462
1393195841
100000135383433
100026501631240
1223761304
100005694677627
61567970009328
100000165636842
709702024
672531299
100013858695010
61569368002602
100000788155582
100000583713682
61573993593166
100000926799110
1319587399
1637146770
100082413425948
1162871651
1707420501
61552301566781
61573280465251
100000351838028
100007308272520
100072193307801
100014515509456
100094645021916
100011448451707
100068794895510
61576000820399
100051576498697
1555761195
100000244533835
845014644
100031084006882
100092366599125
100047652040390
100014879349260
100028567817815
692036000
100022425141007
1262499255
100009882840636
100002021297856
100010419554165
100050305633554
61573364577092
100011157005084
1750553619
61557698037587
518181924
100011234047392
100000348533585
100093387481259
100093624793762
100080921385720
100011320890692
100000502511304
100005931375804
1340871844
100032464279087
1195312617
61558094231046
100008899425800
1151746323
515720526
61572741087212
747882716
100034325733146
61578007992646
100082813940314
61576170462078
61576311003872
100000020601949
100046859566760
1781538245
100011449934557
1158066886
100011692541763
61550819833209
100042661941060
100023113542260
100011462771536
100000977774698
1596130328
100083852959851
100001922056109
1408381939
812290067
698865233
100003531484017
100000502664009
100092358693865
100001867028518
100024922423708
100001042698597
734769520
1351068223
100025644983578
61563037297478
61575235075649
100001952508608
100009743347221
1390393496
828555656
100005974516809
100071153410940
100002950771484
100008893470225
61562296576169
1653420600
763029068
100043034103846
100000176014397
100002518257410
100001424502482
1034193239
1113075433
504716547
100047407177290
541500079
100001238022466
658627280
100081449646629
1032935044
100001396949043
61550928677182
100003101656741
100000767285210
1665431196
100016840598378
732320654
1070973375
61578909231151
100000093899025
100090104553781
100000176358014
1287866090
61573681169830
100072927145030
724222801
61559407814387
100080130528480
61562175158248
48205498
1850082758
100000386121354
656991207
100056046556841
100004639290210
551492097
61555948453362
100081762836683
100000590280982
100004204116125
100000454102020
100071874893678
100080757671585
100088282626488
100035572950787
61555644519693
1661487969
100077726154170
100003170876544
632140995
100023976402431
1726718139
100088157791553
61571433073284
100075926494963
100005987221517
100000710557286
100051133160428
100041432251608
100020062276756
100000537462168
1247401390
100010948831062
1038008010
100012499395126
100003642938481
100003164731424
100000725213888
61581399014243
100064164274196
100000728766200
100000039867871
61565048610156
61574526610756
61577215374388
1707992330
100001834066150
100030000111006
1339234843
100000122607758
100025286984514
100016736927507
100003338336669
100077266254035
1312833287
1612405641
100019317386110
100030560710912
100006415632895
100005879170120
785248699
100000851600771
100012667235506
100040569469252
61557672756452
61580954365239
100000766056460
100000301782793
100022087811223
552261013
100009290813527
100026303572083
100075942199247
1658131990
61560140553240
100003745324826
662812340
1348068597
100002389691844
1278042206
100016408863909
100011196990900
100000424385361
100013771171181
100011180531944
100024528077327
100024100410088
100001288750051
100002026661639
100000007684159
1743743768
100006357242101
654360823
617210506
61579662457783
1518872973
61579300242019
508576176
100000576549688
745439529
100001649078670
1401512083
100000039663306
519766643
100047132470435
100001859466182
532825728
100014946708546
565790604
100000725558385
100001198085835
100009225689568
100057171407368
100019867257149
61556017197096
61577863634312
61571781329625
61579288003395
100071191641867
100003259433281
61578054362179
100000608744033
100081314799085
100089605124035
61556322446828
100009315668990
100026333732381
1474576127
100079569240304
100013975300756
100002377699561
61574369760016
100000428852228
1425978624
100043833678250
61578398344113
100000363798864
1566006332
61554238604620
636438803
100001290174366
61554407236118
100030323934390
100006081575073
1613623748
100013052886747
61550588828290
1646882604
100003392045565
1680771747
100000973255631
621529003
1244442324
100079916187785
61579630317250
61577303936962
100001961369193
100016407003544
100051118742255
61550289634183
100011282807984
100086884531053
100003476422045
100008502193474
100007612788804
1208351933
100000143480460
1342350952
100014873288141
100082054877811
100002530126576
100000398886634
100048991265775
61578845581301
1202202694
61578673299298
100000845345885
61578962545157
1772337945
61557372427770
61550544441461
100006679862544
100000335411007
100082524289439
100038802217066
100083992884392
1716177605
100088000597953
100009213692555
61579048887945
100070529371249
100000212207844
100002436365784
61581059645468
61551640498846
100004518420597
100026208459222
100018463392460
1251646222
100001039727593
100011771225294
61572049853510
100084308286642
100001677399330
717091227
637349779
1539679932
100092298980333
100088652331206
100016189875741
100059453620113
100071010593079
100072329059006
100040592465990
100006704650956
100001639485475
100008430661327
1660579960
100091827776324
1017434118
61577936383861
519504020
100003139556287
100001625390395
100000163333631
100004024088587
100085027674264
61551476395650
765112602
100003116163811
100000261811462
100089731731666
100003255107449
1171581691
100074138600822
61569318474313
100090391449771
61554506309535
61570053695540
100073055389559
1388461938
100023957199584
61577209686330
61575791764151
100022294760083
100006804935090
61559604578289
100042357645509
61563836650945
100005419815939
100009006669695
644619533
100095464787047
61570213841245
1525429405
1549267619
1179548526
1049728766
100007691795752
100000301295013
1816474260
61553773393563
1375382201
100006123304967
100001412719005
551644987
100079984689606
61558833453830
100092030963990
1505992693
1512437497
100081598592584
624079528
61564734335058
100013655164324
100036884928601
1051806186
560748188
581558037
100051636305737
61558740861967
100001957843284
100082053086175
100001151876422
100041760998501
100000091269556
61579503831742
100004002506045
61560754882951
61566635033385
100094632351420
100007239213610
61573830774390
100004097445093
61550200915009
61557574029877
100005436339056
100018331723030
100002430451021
61577065807967
61565596670239
651991457
61579857760141
100000675151272
61559905319272
100014081554771
100000207292331
100085256791052
61564064233233
100036630161902
1378295056
61575030128070
100012796447452
61581038163476
61554931735382
728394185
100066148102508
100033280845027
100080618852037
561085150
100066692081456
100010999653730
61577267971699
748646803
1586783729
100003054675330
100005063344367
100040693418887
1509575887
100009210018707
100065261897835
100090366790845
100015432285047
589466499
61550329212168
100061648950499
100000538936943
100064485395369
100035107461455
100003207593462
100005998414322
1173012594
724741810
100010393186036
100018467004732
100000729818370
61556267232373
100070960367823
100082238067755
61564305760912
1313373120
100002018752482
100001370415768
61551234231067
100069229110305
100002630505201
1035140380
100010391985410
100001328122601
100006285662401
100002445158477
1466850267
1432857051
61555818952079
100007478143471
100007935402480
609670656
100015278025959
61581444307637
61555541960813
100088250299792
1247127659
100000188486059
61571858943715
100091840454948
61557946836341
100076480192246
1504310307
100000693030871
1637713995
100004082266063
100040888442928
100001376791347
100073056084156
100002921645777
1468324434
100077744677428
1584063683
100094516290588
100001958306603
100060942100959
61570004550336
61556079440484
1579726604
1470077497
600938784
1315740926
61554026954784
1179517229
737066724
100013573786389
1602445510
100090485934189
61578715594618
100000537236339
504359430
100036756994952
1482092779
100010268027734
100087550283337
1724834620
100044804400396
1628251148
61556686902362
1278511977
100090982904105
1212465842
100057538624690
830494545
100089187888081
100000662641175
100006974673291
518974902
61575816576664
100026013571784
1194232480
100011640646098
100007474301388
1448540740
1331649514
61561968118125
100002544234831
1344917657
100057044045976
1770952741
1173986512
100005629031885
100000204814940
100002016468718
100024251701190
1181374130
61579153567992
100007695519412
100003368001929
100009456119029
100011011247586
100021344630989
61564140682565
100000679068546
100001137794474
100074062777117
100002727841328
100027632570505
1431237559
100024882845670
100001639521984
623871147
683171713
100007610897220
1035751942
61569585407384
100000527304472
100000522405194
100000491804225
61553790090998
805514825
100086411598538
100011371636862
100070791652196
100000069536929
100012161701431
100003148380145
1596906140
100001244022631
61563075268797
717823441
100009163022472
100003406723686
1270151936
100005944273736
1435563122
580360371
100003733077127
758276333
100010037983753
620004770
1010142730
100008345375687
100002862582418
608334236
100079278395451
61574707772379
100002030209480
100087424819217
100000833488742
61576611777851
100018629311981
664826853
573637571
100073680645270
100000270096442
100008152156680
100017094759018
61558741211808
1849064340
100013254793687
100029431371329
100015048162442
100000527568983
100003123369942
1523820595
100000252426218
1712397883
100004605997918
100001855453449
768127157
100048068951030
1826295604
100003483295251
1033403094
100003006604967
100037226563707
100000333877346
61572477911487
100001178067498
100092438267795
100026271814016
1274840071
100095212020478
100015504139084
100022396921739
100002191093750
1353435698
100002233742260
100028124520315
100000726344615
100003214268737
1767744545
824634348
100008363551645
61579764716076
100002242622318
61574683685712
720517019
100057417197889
1572656979
100080746463482
728568603
100000675357782
100001786359456
100025427079864
100000237247190
100059132132064
1595946718
558684119
100004397650485
100000312561714
562496945
100002338347327
100035994083880
100085688916046
1402732667
100000753437099
100000103503244
1244772497
100000078566026
100000747653102
100051416762016
61574973155019
100079174780689
100002886858458
100079266942944
1433074678
1361952234
100001071350191
100004265254716
61551612551219
100065292565659
1087532148
61573509240824
1263777875
100003036905862
805480273
61581407391419
61580459547338
61560114835967
100001803261184
1369148857
100075069711827
503045199
1805216625
1808716748
100001422249814
61580030293985
100000720934762
100012159884649
1813481461
100062552443935
100006684317990
61579715277290
1150915821
1686737454
745781082
100068240896933
100089561508079
100074761741676
100027193846070
100006095621127
100013366236773
100080474708939
1383396802
1198472508
100063439995136
100000332423039
100000398943247
100004939290112
100003637479964
100004155875932
100053545041831
1679084261
100063628361899
61575617081077
100001428380109
100009644616808
100041293043651
100051508933663
100005384255514
100001972882704
100046813471705
61551641537000
100009674716004
61572315753844
100002203038752
100017584756553
100010886354730
100001028252163
1573990660
1228336057
100001023628334
61581601141496
1639911506
100003244869376
1093152132
1316706019
100001510687432
61566945746248
100007082821242
100062646699575
61577085403989
100043127002576
100092477571263
100008052768069
100041729782676
1580491472
100059224849678
100000706154242
100040096296514
684618062
61579421490813
100001035935428
100076511442493
1146911392
100006408574489
100055066254771
758011409
100010200499200
100000555834958
61566166487975
1423368029
100000497881960
1212607715
100023681019799
100014099142301
665415897
100009909978032
1542295077
600947054
100009790488898
100021363443332
100054291431736
100007903083221
100068733272962
61557992675775
1233391848
1476630067
61575584362837
538291612
100074850794153
100002148791188
100003711544979
100016053247834
100000593094132
100000133401082
61578018106004
1089776374
100002774725616
1130025110
100001582284195
1297419446
100094339952183
100066379504954
100044699940622
1463771447
100004197438774
100000585136973
100092319199005
100034444958756
100000435395729
100004125403496
100001932459892
100067342909863
100002671921249
100005295669305
1033369953
61575205880012
100006842533510
100082292824834
61581695846109
100003877481777
500983104
18201186
61581585085354
1592813162
100004099157519
100004497579881
100023430067592
100003318870927
1560171216
100004775402757
100057930606277
100003101618558
100014188774825
100010621980681
61564065869482
100044936598467
100002243316671
863185392
100056824375541
100045839286048
1173133181
100014147239490
729595025
647084098
1388368069
1456593861
61571809550850
100000703992370
100087900517778
100000754566583
1431260054
656494876
61579355114986
100000476091984
61573918288408
1079256599
690350090
1574495695
1660658534
100039004984265
100037278822615
61554000119897
631988982
1477877796
100034742029395
100078852893277
100076657772661
100007421284707
597851859
503635332
603002030
100038114863115
100041424134113
61551440185554
1252361827
100008606688874
100029189533384
1530731433
100021184010529
100028087712645
100007798686293
624670873
61563903779917
100022186580471
829639605
61559580329863
1552734384
100090296974276
100055312946801
100033276362689
100079707761161
61579722081561
100015191016311
100001117327358
833235095
502745507
898045044
100000503086176
100023512055736
100029479693053
100055509664672
61550263244964
100001741512408
100071045513265
100000696443567
100001400107086
100016524946573
1577786669
100004056308412
100094830412020
100000067241480
100046090823904
100006656044407
100000760380144
100048420261975
100001580787590
100008946845332
100004150902581
100083288949677
100085603158461
100000341841128
100000247659233
61560372342596
608017147
61581756711222
100078483860755
100000026675546
588132570
61579362573816
1430564208
100031319715078
1614040073
100000049695629
100000013632003
100001514862061
100088236648925
100002895178154
100000525469917
569228319
100006401763767
100000548738655
100001932191352
100075123726049
100007776377499
100006811693430
1111239244
100001968506518
100080890265681
61577600243263
534935896
100071714285253
100010191248465
100000740842672
750853135
100084456367516
100056702451462
100002302614922
100091200938863
61555933176589
61572533534066
532130157
100048744576624
1747013355
100005741324932
100092997236711
100006273552914
1063282840
100073688677896
1029353665
61564606511825
100000830842964
100001823288610
100001334044155
619104107
100057069432719
100000729403879
100025596246948
1247501054
1143696663
100015630197796
795445494
61557473506980
100063456411077
61576047200483
61573951040906
100000683607943
61574188952558
100050154701285
61560770344315
100073694160032
100085403343365
1045437473
1840670371
100010328914033
1175607647
100000759142230
100000552143418
100025671727527
615296650
100003657978642
100013929548702
61565472983879
100000349024810
100049740041801
100012686822788
100050536970224
100000227927107
61551484324937
100000031748290
61580605242243
100006034604351
100024508364431
1079327811
61579566946414
100014171850287
61572371200938
100008382377722
100001048400781
812362467
100086655155310
100001300927592
100028083606348
100000130346789
100004507144969
1305281388
100001320120271
100033766426296
100053340011827
100049870201154
100063858234088
691795727
100043154991836
100028857855615
61575711818574
100009410575796
600570003
100001440882389
100008986569266
629878278
1448466162
573635058
665180555
61555558960005
100003727610546
100014898524160
100015634394762
100001120468489
100025434879732
100010433828492
100000600440752
61560751540193
100088133277684
100043095275425
1534273349
1257015905
1210058283
100000557318892
100075492013329
1295486289
100002076121267
655100566
100080188746658
100009295025734
100014357799202
100040120065504
1623161707
1413608249
1318534603
1391149394
61577356605433
577171741
100001041102712
100052563413996
100090793863964
100074365760494
61557360861684
100034663428479
100003133606570
100009566076464
61560204298748
61572501285596
1203742634
100000313855220
100090133214753
516620003
100086427218117
100011969702440
61576345136705
776998155
100080205363439
100032150544235
100001809434561
100092961404090
100009955067971
1250331345
100008138621533
1169414925
100000671891686
100003808865455
100034518001376
100001476763878
61567588825340
100076405553143
100015184505042
100000010024903
100060769711590
61578967121944
530271345
100009302260241
61577677006691
100000293420589
100028028433816
100006147967600
1741873193
61570352279747
100069582592265
100004557731129
100000581047478
100005719593406
61572749738684
100011208933972
100003317294420
100006343291662
100000259277020
100022989399589
592087379
666253701
100041255139669
100004830286171
100060239946227
100001166047188
542536764
100022976752451
1746473031
1302695713
100001947904302
100001612728909
100001058554704
61557349356674
100072624355518
100003121755721
1320396366
61563837677123
61579383672523
100006682234659
1491544700
1344976496
100086225356196
519728597
61579089094605
100010004445751
61573614488189
100000110093341
705045024
1663384935
100089307191943
100034844149753
100003136188855
598335857
100002090367804
61553733574241
100014565161016
100020159026715
774839369
61577540397149
100008818082248
100009146293251
100001181902073
100007773846352
100024729969767
100051927616544
100000678258567
1399883805
100000600875873
100024149238463
100000255092859
61567042567116
594770312
1341231401
525227027
100004828180521
61562014988151
100056112822257
100002466984485
100000685672773
762316799
100000102545551
826455967
61558437044637
703565575
1525892912
100083813584812
61558717151810
100009633557528
100008793764367
1444896559
61578244042850
61580961037197
100011380196707
100002219448054
1255323418
100007875015939
703027992
1196351773
100009910066610
1111993484
1825592472
61559794785716
100028868861172
100092541463148
100088046531937
100023129557216
100000669721442
100008866180975
100000483494750
100004313829049
61579258807866
61577175338068
1522479135
599766205
100002868207925
100005771041396
1210869607
61574578431654
61555016439428
100000635734087
61581438036945
61573807931609
100010364133720
1412149789
1306059206
61574209119192
1439257854
100001408624539
708582656
100062125006617
61569973058657
100011887184332
100002155806207
100052418844018
100011406231072
61578758916119
61579189502898
100000065552472
100093561529861
100092265495646
100001338226664
61581252359993
1615235597
100066847622340
100091321209426
100043498519532
100006060577927
100061061634095
61577735140550
100089053667852
100023177706415
1097424434
100008911124380
100090878314646
100015510392765
1824507231
100019857729025
1233068185
716778011
100056957462463
100000122536866
100001073581221
1396841154
100001576775485
61573244619249
100004067554319
61580505491573
100052604752556
1079246157
795159026
100006894165761
100008015110393
100004902940851
100003692517483
100056973552480
662881573
61580419233074
100023578124953
61555417106461
61576052265727
61578703554554
100000068588635
100046390293683
61555275904650
100010336353855
100007437971240
550555112
100004048060629
100035382280082
572605866
518295009
100007981562547
100035501453879
61562621525774
100011627114650
1385464806
648162714
61565931971392
1389267008
100000902013937
100006358113140
731154148
61580632289176
100080615523746
100026419119129
100064413765447
100037946100896
61579627200074
100002154660947
100000943985079
686262659
100010002123870
61572922330285
100063695591287
537811285
61576160981316
655320624
1236112645
100090532435639
100009074853523
100007945061114
100003339790184
100000274527686
100030397521904
100001804233702
100036008413890
1332579645
61581725481411
100004101922074
100048152798200
590188518
100005070787483
100013586342999
687976340
100000445364470
1107187679
605929844
100000406447045
100011815953310
667960780
100002070555899
61564028175253
100012742095256
61567219457011
61578371531913
100077187713479
100000080176365
100082583330270
61574196041551
100058513804337
100000218976207
100049308341613
100089051869554
100000374018176
100009798843222
596181238
100022277884745
100001651510723
1442493460
61580033879019
100005024284829
100011186462975
100000717045571
715463275
100014532540029
853330006
100006078825237
100001273817403
1832330924
100004069907998
1450897238
100083870825235
591123162
100067500033257
61569586719446
61574734793647
601515726
511983155
534620623
100000155346006
100009174792089
61565434645125
1641817117
100001528809533
1621606111
214000094
100042078001422
100004991525931
100088436717740
100047822213846
100014404185362
61568112874388
100020371847866
100001038814895
100079037644752
664614170
100005652228969
61563933899889
100002206230707
100001422476133
100002907305336
61555903903462
516746468
548160308
100004611019472
1165516921
1619149814
100000859896417
1233273651
100045076509266
100040009968696
100000533951466
100000750485277
100000851896161
100018973359046
100027845972479
545385445
61581616495361
100061579390728
100052028830549
100001013344725
61580926663431
100084731181739
100001451656863
100003367275292
100002920258888
100071271120080
61579044376692
100010000093995
504665461
61573536027781
100000533990783
100009066741797
701245598
61574596141340
100002431122719
100034672421721
100042788191869
100043976173628
580595564
100004116039515
1578212375
100053214493475
61561343197047
61560846575004
100043474333929
61574850346880
61550563864179
100056143326897
100003365980834
100000780497797
100070559870688
100035671659617
100001794478400
1552968763
100009487270093
1308092313
1292337399
1333797762
100092679534236
1216635669
100000287931342
100002317930579
100004094350364
100000693289431
100000238399449
100021896835161
61554283583326
100000391168239
1083453074
100041235913219
1276810814
61573317838717
100029554772686
100018183492794
642656721
100010225986354
100043773850870
61580483416284
61560084575253
61580487446688
100065602025674
100002137605436
100013782426387
1584801904
100081092659240
100003979963740
100004871473668
61572631171479
100006263257898
61555676970516
100080361893367
100010637558845
100068017553492
100078392594250
61574634309890
100007833852211
100021103597467
100000886548007
100001830957587
61574592977440
100042880372141
100001047060228
100067201910345
100011110659783
100005962576111
100000910222809
61554679982286
100002344890778
61570135490795
1504180051
100001646182409
100029427197951
100001325613301
100026049041829
100014547883183
1727521873
61579452676923
100021897572401
61578167477133
100000570137106
100000817051758
100088893343747
61552285193286
100090997834745
100003592349065
100079012410922
100010479649631
100005941697082
100064073193586
61570118186895
61566473355149
100001642271566
100014090656599
61564957145422
100000490180761
100085353695165
100007415194923
100081132717626
100002676441122
1448400500
100086262611796
100025088814390
551707568
61565889222006
100006731762841
100069101593653
100037259678819
505250196
61562911235821
100047943906342
61565421446013
100006451636601
100095298310310
100002761309763
61559908426768
61572728995969
100028801710322
1230136005
100002952682465
100004428101744
61568457906462
667449658
100009347700555
100063917515362
100078248327679
61560849074827
61579144029115
100082105855477
100008048768027
100078140230602
1166135827
61555992556822
100067837817684
100002384702301
100091661021774
100061358964704
100066243361901
100048969880781
1674173315
100006691126433
100001249896649
61571053380740
1239492574
1242735742
1291039997
61576014982936
100041501832005
61569359159154
100001653744817
61579404944350
100000218120061
1333796189
100066129854949
100002164842779
100011105290648
533481873
100000181177107
100089917238203
100022509728888
100037861321459
100006250008200
100092709155413
1635621022
61576144646191
100007245397173
61572449128070
100094303447276
1298255007
100001782715633
61556576961609
100000287982592
61576986016631
696273799
100000661214574
1366248872
100001116039444
100058909844251
100001817490935
100016632730490
100016599031174
100000005372894
100001036573113
100090687474169
100002893501655
567648340
100027163958993
100014680543487
1670232933
1631791467
100003063264860
100000322614199
100002749866709
576544971
61565594842778
100005530744312
100010762232456
100027772200451
61565514812240
100090067135598
100087294514275
100013901142457
100000183225913
100004079374989
1005425564
100000928962966
1090786508
1056010214
100055607865515
1015379531
100016709677782
100070897321307
100023931202848
100000416054729
100024045074963
570203641
1328888245
100004347078443
100004087322789
504971133
1749620156
100084724154306
100025516711802
100026138031273
694689553
61575278317692
100001433421178
61559676382440
100004802311910
100028931592677
100069923641157
666431123
100000971047991
540009607
61580369972569
100086641025575
100004498441573
515733697
100034860432492
100030390015391
100000791327865
1024313772
100037255905160
100001898803610
100008721372056
61579662922399
100016813444181
100010680424752
100093023711708
1185405369
100008184886860
100041152907630
100000455343243
505057672
100073432600922
61577949577164
61576414212082
100000196262137
100000582777590
100025298629718
100003495040809
100000301939467
100002311615157
100000228347723
100026937150370
100084344790438
100059531993332
61565450830564
100080977354533
1153010133
100060177681519
100003792726769
787356111
100058033717149
100009451830898
100012639457646
100006189492119
61552849716788
100034310565521
1614317536
1475497260
100000491343698
100003579073868
100004516212035
644174950
100003681456269
100025608350760
100009498536998
575410092
1347023463
61579389303596
100001795324201
61551102471200
1379346159
61574729356113
100087492434616
1203243183
100000598457605
100041236928168
61579765314439
100000116132502
100042152982838
100034995917829
61563231352008
100093440327317
100040346812503
61566362875972
100039937301949
61553969108610
100002446890661
61579376795119
100013541043693
100000167031056
100038815271925
1290255623
100093215506656
100067555149439
100034738566774
100027809573578
1446166969
61566918489963
100000174020232
553732140
100001877703671
505244181
581078530
61554404821283
1280367067
100078801025035
100047826920429
531596994
100077173643690
100003932929187
1446789679
61559957400608
100084320067740
61576732017460
100041217991976
61580531124180
549118510
100070199385354
100012269959390
100003055925380
100026470688701
100055830252502
100009209303971
100075366889308
61573713059293
100027088573209
100000870697322
1360087680
61581296768818
100003727927954
61557853135507
100008917179208
733021140
100001428241183
61557584739518
1504838029
100001500146765
100089272725987
100003447833796
100007209067646
61571416628891
61581044702494
1208868431
61550198308347
100072206947324
100079018891751
681965839
533952453
61579010887185
61556147322863
61551692702474
100043129897514
100001997372380
61560075329095
100065001446190
100024425445128
100057628391436
1158016693
1548260528
61550120396469
100076954673702
1789666394
100034086227146
1308093166
576063641
100003951530971
1628443329
100000989036986
100079319108885
659565231
100013743694171
1467483169
100022353533722
61578499118542
100078825005404
100016174413775
100002033523371
61552945617764
559298696
1379027853
100013517658034
100089732043362
100009565434584
686333042
100000199269219
100013936560640
100007303905871
588121648
634758114
100073256923970
100006696915554
100040427880625
1306171853
750315305
100000236277994
100001052398052
100001002546016
100037373854466
100016770182236
100007783723804
100089440366687
590704463
537611432
1290600713
1383334494
100022742262905
61577378769152
588441212
596921398
100000449674856
100000466470390
100017641958622
654992790
1259106978
100014253676503
100000915629066
61568256040974
61575677450789
100005836231576
100005897041806
1758339873
61581182951102
61561876507959
507389931
100042348037189
100080476209368
1483183205
1349444560
100000484997183
864070061
100001357721951
100002148478341
100005056472449
61566393395392
100007234277782
100049636222879
602730644
100080973231440
100000647502837
1674763720
100002160328606
100000013330783
1255800030
673467825
100022445024198
100001054639517
61580978301874
100059587445968
100036948709789
100000894698889
100065727127424
1590650500
100000023987185
100041060052535
100001636972645
100057253428927
647130525
100037619555602
100063342139871
100023698920099
100072617567917
100002261157679
100078084524099
667699877
100000035981470
100046566422316
100087183656741
61577842137338
100011771049858
1478737531
100001204175566
100073633658473
1195380970
100023718617522
598194558
100006911136236
1003885331
100055844645733
100006203712022
100002500266361
100000150471383
100016448491755
100003746127822
100041064071802
100074191674231
634525801
61560022214842
100004720894544
100000951554866
100032436736726
1533063921
61553373221193
61550110061871
100091924359258
727640958
804055509
100029916165401
585060776
100000084223568
100028362610047
100004509452187
61557507628297
625511558
100000652568356
61559652039505
549099636
100009938225112
100002800004387
100010692362634
100033303072880
100000721908868
100050977984531
100004896016383
100038000500656
1109472249
61557559074417
100008441477315
100005066944492
100076844900446
100056732341829
632985972
1364587660
1190773759
763934281
100000992656276
61579615706781
1581608213
100009801030052
734636927
100001270067407
1741853488
100000604504040
1371500559
100005466072279
100000473393542
100075228252128
100010272589047
100000166823617
100007237844274
100025366562045
100069098274749
100023343640832
564459427
100021934923300
100000631447911
100044580320770
100002057421845
100004118100665
100041480963549
726449824
100007438548820
1020821514
100049390672665
61572891744562
1455794836
100024369946883
677210151
61572318652432
100083144315098
100028691283243
100046045971111
61560196832849
1066159629
502479384
1294732998
552995547
100037808599944
100058552932889
100050787341541
100001088745017
100008169369111
100058004178441
100054077860283
100001477795934
61556340579819
100002990783623
1557281215
61571748624328
1181855855
100000250073815
100000928339916
100028316243035
644242873
1719775471
1557784453
100013741380205
61559647526248
1556541234
100009507796146
1327851860
100095044901614
100000456382382
100012641560119
61577696210364
61572776176216
100084900106076
100011170184597
100023448233215
100010005191192
1314011335
100008644231554
61576631257233
659444631
100010500313614
100048970275443
100000318652610
100000710858727
100022653167264
100003837350295
100002018282107
61559795263815
61569051580769
1181156414
100067202324902
100086212975011
100084162589270
100082502250250
61550542881199
100000509873619
100002866405319
100018892513197
619466717
100077118547667
61581505911466
740674284
100031405173904
100008797420990
100002615890492
61569923446519
61580034863878
1446147353
100004205103383
100010192744412
100003209027337
583213290
100000060219070
100001959930728
61578255791493
100000901980212
100007908370549
100071757845599
61575635259101
1097415638
100040117877254
100063986492512
100003499774728
562599162
61555955110073
1014398119
100054506800277
61580899830225
100002986069897
563840770
100001771795476
100010387662738
100001012962359
1649861742
100002208427564
100002471560542
100004435980299
100091497075273
100007252441790
100002653070114
100023850131539
607742154
100089720525938
61566850499328
1813558088
100001016495353
1192613328
100000215834885
61552788310773
100000584813262
100002450357496
61555976162822
100010505077968
100065248346374
100002381907803
100034519211217
61561635936233
100006409449700
100045761190001
100016495505376
100004022717873
100002617641579
61579584988760
100010020485392
61559726515630
526601979
100003118593643
100010008301364
100005067222501
100069356070418
100088053060805
100051479813211
100002835948578
100007025010057
61577165473583
615256485
61569980309199
61575791191963
100044142071840
100055093937472
100073295790236
100009904950298
1016806403
100025973270287
100000488966054
100001432982995
1378791549
100006587170815
100034731379752
100003972327386
100081877428012
100000987987844
100013732624989
649330018
100000109845624
1311865527
61571322033817
644212739
1054306977
100089980706773
61553758017638
100064324391783
100021408781338
100078017506063
700932034
100081462205400
100076307256116
100009448936495
100009218290570
61560309966024
100092489915468
1215581657
1400739833
100000690264203
634428428
100055292473195
61572398920514
100079218467779
100009621470042
100088835257189
100084996978935
100085960821853
1535270411
100006321541324
61580186830601
100003017252257
100051348769730
100002302312385
100002848758025
808364516
1538828513
61565551483342
100000367029095
100008067099835
100072357233529
765628780
100000027580701
585552949
100078724389547
535034850
100000627169149
100016647453040
849359546
100059402842857
61573966302882
100024064204909
100051823563183
100092747239083
61577774130332
61563139568654
100010032721925
61575879780724
100010172656881
100013265700233
61574450344567
100002354347698
61556161340539
100052833834095
100000649587797
61571516332534
100004132681868
100051514033972
100009404471047
100083167483172
100004245638401
100088358321938
100044969537120
100016596450751
1017658020
100018521375972
722730031
100007666213158
100009081918150
100007134913840
100061081821023
100015719145614
100077437486059
100040038764774
100000040262753
100092347321521
100004947228204
61557559301707
61572325452683
100084468068953
100014695953458
1111777586
819988529
100005025221407
61579721429674
100087602979032
100001642672771
100070184506602
100015248344850
100027625401184
100000766488710
61579004885887
100015835064216
100053560220042
100006099453783
100007106262303
61560745275794
100011436586741
61551835895763
100000749753347
100006119554490
100071311200211
100009241408012
61566566176518
61558192907414
100000083698322
100003604992546
100014781997452
61575946295252
100002110261989
61573154527774
100000106247749
100069485529816
61580472451595
100027974105476
61555886600849
100048726323425
61577605984284
1157623757
100015576619108
100069671410376
517070280
100035877161910
100010726216894
100000916911647
1550928115
100001980707034
551045480
1141511675
100000095673550
100046769537647
100015046175154
1537249299
100069468076135
100043996113876
100006729614606
100068085963591
100052985351952
100001622958862
605592790
100001474363575
61553534960050
100069232196908
100001304128276
61559410050069
1150325349
100002873398804
100007838836539
100004103260422
530838594
100031670630470
100043172721898
100018325936213
61579760910486
61552151040464
100073990540650
100028448070311
61558652273252
100011447511036
1402043495
692621330
100023346040812
100052414230923
100001280918769
100006095949110
1358491169
100009950236255
100007862568520
100018081966826
100006630010657
61550987022383
100051470618271
100066977035706
1700484922
1605527986
100006096188805
100024204630866
100006030132743
100019180123029
100058889714048
100006580571236
100003783025188
100003355907120
100011705882987
100050496601589
100004420116515
100001596963451
100003146121643
100001026842380
100057348141859
100086924030723
100093499444980
1012154003
100000888252018
100035450949671
100090527902624
100075192704105
100000613121332
1003071001
100023625411069
61579606535958
100004988831138
100002207784186
100000966362369
100006413164982
100010605905069
100006931331495
100007049415375
100092681437657
61558659652800
100010185373210
1221498601
100012159760357
857320222
61579389957738
100057348816269
100001860765384
100000170875588
100013777500468
1506913074
100053401954522
100006552703010
100052449054091
100049977754441
61571341872139
100008018682472
100003178526956
100000608851158
100000352564191
100001358522508
100008560098309
100005092053013
100000074375887
1077801923
100066554270125
61576038523270
61580492587380
61555567674229
100010236602559
61577977123458
100021780339904
100010432539189
100094675714684
61557037896796
100010540007909
100044355641620
100011575171927
100000530705688
61556370596484
1236182375
61576221820912
100003913622506
100000909743358
100040976743096
61559592214808
100005821692324
1506145678
100001420787046
1024052023
100008565782501
1822507026
100068648642696
1223382332
1328485267
100089266606156
1218632742
1102542770
100003799552955
100003920376554
61565948353085
100000692851632
100091409126513
828665639
100035555531578
61579894325663
61557387264549
100000515350946
100000461684542
100017511853426
100062850710175
100000672642406
100002412753495
100075212231529
100000650468222
100054208298453
1055483207
100031691776867
100077310765781
100064113596592
100000987830248
100005494299073
61577148278325
100000677832259
100072149634192
61562558364472
100071899890182
826988227
100013975239691
61575198776470
100072616323620
61572996444242
100006039690873
61578173637476
100000269021405
61556430585290
100006911587128
1551386155
100016661432975
100011548270199
100000434708195
100004365106039
508899326
100081921861838
61580628399752
1189991931
100012312722832
100081923510050
100005233064883
705192972
100052942000828
100002673046781
100000911713284
100057332119153
100002833170143
100045803723954
100009660157139
100091150711579
100033698237996
100013104762035
1392251253
1770503756
1583617938
100027803678507
100027366764483
61568425445452
100077077722947
100056181240720
100001140701847
100000796676855
773938540
100057490463488
100000621352122
100031145315391
100012101383678
100008121212919
100016794850123
100005047122986
100003279783697
100001048515508
100081664341717
100010044468957
61577370033438
100033749451338
100000202347220
100001883482216
1179279218
61550836627992
100011369961891
61563432422505
61580545551286
100001004088227
100000607671075
61568750585273
100000561456814
100004105476209
61557531881895
1252612023
100091685448584
100006754802066
1539235639
100013939451896
100002915904985
100005802851900
100028540563645
61571627638123
1460813742
1017417220
100002450479117
100005432674797
643559029
100001706042495
1489447035
100035929761114
100011712968274
1067362619
759187137
100000840181435
708840196
100014214313435
100013620903015
100009768672074
100000482274171
100008205900688
100015150496595
33301098
1452463169
100001898665325
100009931666158
1293881186
100007135813914
100039648818223
1340097612
100007251107598
100023672118918
100076181229856
61575053521806
1424468310
100010898326276
100091476593405
100001049324033
100027917536974
61578935322737
1662990419
100002107461005
1576264496
100000215166001
100069092089584
520489737
523893462
100002351621622
100086562784250
61560892981414
1846374065
100016278968909
100000904945592
1311012376
61579009948060
100000529678632
100028685324831
61550483162200
100003230119328
1569700481
100000815603197
100003684666295
100076723388279
619793898
100047558319521
100007941103644
61581269040556
100064935484667
100007406494362
1829088039
100000510182295
100011665932752
100027850321287
100005613432993
590711518
100014377722912
100027572020439
100000145410517
100000096779249
100042980475390
1634102734
100040220474856
100014956218105
100059790163515
1195587152
100068858254034
100020896875952
100048989801541
100073730941207
100011862321730
100006723097374
100001395898308
100010082179005
100000414351128
100007192096436
61581370565268
1130925487
100003538687327
100003235081908
1072473664
100075799516431
1198628876
100024126870811
1268926906
100003790377941
1398082260
100000218310977
1739161677
61574535440866
61560396997017
1286188238
100085497563288
777309702
100086486740953
100000884714223
100011791631201
100001241959975
61565566972281
100000263508562
100002224836287
100070240450035
100007602554107
100044521192821
691539059
100000532831572
100011698745155
1206984203
100083842163726
61567536989091
1081753862
100060762900564
774924466
61565540709101
61557643799772
100088278776489
1806138034
61565916617040
814737869
883885045
100081537193650
100001961273309
100021995390361
1678650176
100000925157335
61555542750733
100093460717792
100087642017346
100000748114763
100073445096963
100032713672650
100000013265991
554307107
100001394712511
100000429211623
675435806
100028574230422
100094250135302
100003083627188
100005561645499
807140159
100002576073880
100008066850392
637982583
100079130239324
61563154973661
100014416690303
100086263182171
1293867210
100002895562284
100084917940389
100028883384030
61569617620674
61576244832631
100001470674386
61553663982483
100075702231524
1672475297
100000802934367
61577874740553
100012324436477
100000168850798
100001905285046
100012946360485
61568235433180
100029438370497
100000879957509
1611236516
100000471715745
61566379881782
100000042926875
100000518093710
836275292
61570176744174
100041822393309
61563794560973
1463295155
100005146954446
100078796482406
901660315
100000530960817
100048103326804
100051127699645
526122087
1542366074
100092568068107
1369363275
100037276330675
100000813042656
100003556757870
1232147990
61565156548908
676749427
61577033341987
100002575053716
100040225461674
1271962957
100006085955196
100000879341238
1386409501
100087722148367
1595118286
100014318202294
1383122033
100089065546077
100001682524726
620704563
1604242036
100064523853510
100002182906449
100007791213239
100022415190451
100086909227475
100065726644710
1394984831
1565403861
554863282
61573808549996
100079907804496
507940408
61560385956049
100027480979463
100001452923340
1165087677
1122825974
100002004897503
61576848526689
100015518313100
100015456428091
100048784518237
1643212427
100053915623822
100003679407238
61573717661130
61555748530418
1075705567
100000529484637
61562591386373
100024739806681
654117870
699430049
100045058578350
100045455350861
100010771368109
61565738992631
100013029092094
1521328185
1819380923
100080197106457
510287501
100035560087509
1136031071
100050257052553
1546693521
100001419429493
100000691236296
100082740684980
100000125160822
100000307764626
100023045971839
1281795186
100004554404516
100008716782846
717691891
1663672887
61577083658317
100001725658307
100000204083346
100002037360532
100003719760327
100089294223256
100081784367170
100041906077049
100013034612364
1003473426
100001388541222
100083850873899
1225622244
61571562184391
100004144417456
100006976637103
1410896579
100009670685816
1554577863
100001776912272
61570113071025
61577648082823
100008576044427
504631162
100000861577427
100000652150156
100036257554829
61580884139176
100051281453212
61579235030549
1316259880
100002281592501
100023777686834
1623782041
100004121141817
100003033194543
100008739464602
100000514536106
1327476365
100001190169841
100009501613721
100040209127052
1822817525
100047278097707
61559155874588
100000357613875
100005166585122
100021898721512
100092210899103
61579357464366
640038510
100000242671438
100003494479824
100069676669652
61566516581797
100000631867416
100013913837903
100003163865884
1468905005
775900624
61581337799725
100000658860214
623596598
61554962104606
1821571295
100073989154586
100004917097596
61561495622452
100056393228221
100000056675719
61575686155046
682030665
100093318981206
707090644
100009122696896
100001412362050
61574242831776
61573315090557
100001792447970
100013490645660
100056216640363
100013573475549
100041161792535
100009106593930
100001012202442
736511849
1652302395
100002264593865
61572879361560
100001893332754
603005051
100091667351406
61574932330011
1322269943
1242560213
61578783206444
100006890771414
100015362355155
100040642424238
100001520688066
61564453036607
100072438147191
100000764508365
100053438972022
100001401830992
100000539021083
61568466807199
61575039478049
100021421068085
100049560315545
100000115470168
570211002
100002646777218
100026559171789
100063747820191
1476011123
61579725639115
1193022054
100007341039249
100000652952376
100027419959326
653207239
61566999192311
61561726482173
100002281234714
854185051
100003024278561
100073581211063
1399172676
100073214813522
100035056851050
100049622272650
1412924678
514722858
100050671327378
100001916677927
100014535403952
61573570490574
61579780493684
100075227677133
100076482367341
593291851
100000110878281
1269812319
1275057811
1257014319
1421567875
100004506100084
100006514212346
1071814375
100071071664236
61562790179893
100000925564767
100000990086811
100001537335971
100000365223069
100001823857148
100024029087221
100028358264744
833373918
61580507154169
61576835168349
100000958646558
1427722724
636609462
100082737994895
100085563763391
1266560261
100001300493063
100008196604365
593001857
519299647
100007959000550
61579579836382
100034377203845
1095832644
100077496960628
28804597
100001576546618
61575975405172
796900376
100087906634988
100000971082205
61553544842351
100045914120430
1236561083
526255298
61568994126071
1315454499
100010077914692
640987791
61566894521306
100090623710248
1190731132
100065190446597
716298574
1165364078
100008852220648
61579041569748
100028569221133
100000738368640
100009385889102
61553005517781
1622692586
100011453695881
100000195343189
100036367403422
100092368514666
100002479611217
100000027877599
100000369865269
100000492663825
1494015441
100094925705084
100000502501845
100010182312582
61573375880352
61581475432201
512345006
100011888730224
100004560429850
100018357370795
100008581369392
100000508821937
100007740519017
100001520664814
100003242291658
61553891233250
100010904282115
100040678213451
1772959307
100027908838670
100001674731850
100000672594598
100021197408954
100092127834641
100001240391035
1176202201
100003075078904
664244217
100001970590346
100044187361667
61575382272318
100073676523412
100006696767720
1306207645
61576760166512
100004991107284
61563417665504
100005438739669
100002386927191
100023621562122
61570172708437
1197687279
856300153
100023947003169
716270345
1479289558
1379120158
1082010995
100075793760468
61575098930873
61559877548520
751148655
100001092656569
100092008976758
100007102213832
61560230897982
61580967071789
61578893890441
100011191174401
100012063226178
100011398406457
1397348160
100007276361878
100001027331702
100000601911969
100000181448844
1189607602
100075312020770
100085394777564
100079303206790
100071187012169
792092909
100003761332509
61574529658453
61577749564102
61579223533863
1781529821
100030264372123
100058064003485
100002869561179
100040875879952
100070026181269
1170421248
100012271561930
1624849639
100038039718074
100091980485157
61578843597879
1531579541
784025353
100004644553823
100050903807264
584336764
1717544556
100000471593932
100002629160157
100045726243413
100015618884123
100007940448878
1176315189
100000430554490
61578257642190
100032137100616
61579338796298
1066800462
1449020329
100067486406128
100027009969870
1534575926
100089030254803
100010072151999
61555627815721
100092449806200
61579120321998
100055573810416
100000278788027
100039916304424
100073241708492
100000119438320
61579820082838
100000626167602
1371203571
100079988077819
584568901
100001196901268
100013772281864
100001723081094
100000407843876
1305071052
1741560918
100085892375882
100000336707754
100001791322012
100000332980705
1196403301
100015865264676
100000460742184
100007997349016
100039518209055
100039814024587
100026029608261
61575829505586
749125197
100057043878298
825633502
100004131061457
61565801289644
100003989666470
100000181387555
100048878963687
61564914693643
100002455779940
100068968763380
100048029893065
504024480
100087756355002
100004669831236
100006341881261
100070370298594
100000790483231
500746154
635109466
100024215182897
1169967490
100000234973823
100094880302603
1780278434
852865371
100070613323662
100090862831813
61579204462507
61555421982440
61550528437279
100000526132644
100052945952844
100028918302511
1578095304
61554988173554
100054985997743
100003662709275
100001434388543
61563600854139
100067054621040
61569937657202
100003818128033
100012032438612
61555356627589
100001150484888
100061827530922
100016362458838
100010458345437
100036844790871
100000925392085
100013749766691
100071210240773
100007625952332
1269886829
649224455
100011095233043
100001519176564
100001072474070
100006446615784
61552528546762
100066405761714
100062287966507
694033721
1819454360
100002214185988
100072198310386
61575674532761
100022773675164
61559236618486
100000149275216
100065295730162
100003127994792
61550349127867
100063073653541
61575937933172
169000099
100093198871218
100001594274228
100068654596449
1453242223
100002013236254
1381070673
1487640063
61576583559944
100020167302747
100000805766956
100010586614637
61573500155613
61577762046904
100043251725415
100000447454150
61579634541412
100031156221304
61579659520184
100012411037399
100056946769871
100006490424107
1621249765
100007818031697
100084114482311
100032462705063
100000456146071
100001321351775
100004858421593
100037254826089
1240950123
61554283254604
100002009998621
1153553371
1059006273
100006667814166
100040177399866
100001459427603
100012876518205
100007224341910
100001992364083
100005549380764
100024872402623
100069364206007
100015367366638
100000627744817
100002016072957
750135385
100000622216926
100005427634437
1558103944
1283461547
100006614956036
100000343896343
100021467674788
1266181688
61566953692332
100088273027687
100000898815972
100078234813359
100029207042406
61570671984163
100071118164647
100009316807066
1302752927
100013293485063
100001111266366
1663180623
100088309873605
61564927792065
824657777
100039228854537
100015089415143
100000085390910
61554989225985
100006009871496
100081440542574
100036566162053
1272430915
100026542601859
1419561751
100010407671728
100013770041903
100005811690556
1406742964
61579742796585
61578790949098
100033402322279
1044473492
1357166804
1613853521
100002885916861
100000271458385
1002921260
100086944984290
100079763350241
100009164635725
100082951027793
61558740992986
1527686925
100044512687149
1044474395
699266698
61550042674392
61575315141189
100022495423820
100000107942193
1493315113
1393465645
61566870162947
100075989632422
61562805240689
100056196750642
1189330463
100011775516832
100001090617541
61573534452417
825989503
1044585848
61564902496163
100006439657139
100008171461720
100088582093564
901170022
100011539512168
100000563923324
706316108
691696142
61581414624981
100002218918614
100007308394680
609657604
100007100982570
100037871030695
100003361462582
61569343830688
100001845952995
100042682773104
100041188581880
744259054
536771084
1466130105
61574856172763
1215547129
61581341339695
1527212779
100000549748875
100003693138273
100084183646525
818145719
100066241006217
100007455632021
1008059456
100014238792339
61556462758217
100007231602220
1039027268
100088090815904
100026056791432
753810022
100015037505639
100024549727043
100001317051880
61565480996439
100002223610510
1330324943
100080750014469
100064803054791
100070236542508
100076567224023
100006833823467
100000291494711
100001696654877
100003240706373
1370588244
61552814484156
692009257
100000964134417
100017775582427
100002987025793
100000490251377
61554780188558
789962832
100011537058003
61564349720857
644247261
61567186424063
100043776308548
510437190
100021969454746
100000666558860
100095156104883
100019071272298
100076637001238
100009122914243
61561079482519
703356261
100034780838271
100041471570139
1311610983
1137518845
100000687804044
100001018284575
100015089498357
100001960090667
61552982115619
100025687823075
100000790306764
100000838954916
752385804
1108507230
100095383534599
100014685131557
61571888984074
875335570
100050478647615
61554188797595
100003486251981
100003718518081
100004338431037
100000058892949
1154570186
100001215816538
100001614834659
100001659523419
100009391595129
100000992467846
61559024625740
100000171399362
61578818983617
100003049204758
100075690500598
61574174467316
100001416295455
100025541371792
100021879139389
100034093447270
61566910374045
61566757093352
100000110117981
100007246268913
100007846531555
586059402
100060584651323
1662721260
100056275998897
1355283041
715246618
61581058544589
100055577019432
100082647790432
504426825
61561656659810
100000211181806
669546526
1262375900
100006045064011
61573949847392
652855202
1372013627
100002284279918
100002111890141
1643434459
100064450361201
1490690290
100002646027777
100059988164262
1062889321
100015454751859
619533331
100011694765825
556014304
100004433284218
1603322535
100094089486714
61575218957715
1080545868
800904217
100006558549078
61566646840380
61580151963941
100000430118187
100076674614372
100076552724920
1081391708
100092677422369
100000258976292
100028600418819
1095157193
100004501237116
632576592
100004758971020
100000498011872
1289059491
61573825974783
100051265590781
61577449168499
100001030144464
516305751
100044248204294
100000011191585
708871583
61560169784941
605352976
61556811124113
1051112423
100000682263421
100000694566138
100000041508343
100005799042620
61561045644010
1406104154
100000549493489
100075120077359
100044311304518
100028364790905
61578852094567
100003215884021
100012487209811
100000043278937
648060055
100005165586650
100020803389769
100006115335004
1022845856
100033254296843
1800856771
100000141506883
711846721
1698156893
1813771980
100002580456854
61551773699071
100000068333942
100041983898107
100000978640279
100000213168269
61560819014407
100037512690285
100003613397352
100006049208668
61579397907924
100000862397953
556886603
689632494
61555994047368
100003675473923
1698612307
100001293637421
100006840940276
1305543912
100069852335870
100069665212278
100021010872529
100001510921238
100090633709474
100013717237363
100002041755067
100006385326119
61560100119606
100053484100447
61573717784875
660677282
100022609515655
100008225284146
100014271215442
100085470945046
100000546072266
100055837172037
100007297718288
100075952351326
1600782719
100035165413878
100002145616739
1567479966
100001867257852
100000714853140
100089672250467
61564427750062
100009480882156
543155362
100002978638317
100048304097900
61557781765763
100030065475570
61576821854969
61570987581171
1200052914
1561574935
635221882
629818513
100051188976015
1275742855
100067866694101
100080210395832
100028658778926
100055807916101
61570190397723
100001827622029
100000510821438
100042998538395
100063472824175
628822003
100015183103804
100036797835079
100000174901889
100007086064367
100059297383770
100013589643513
100090008543446
1553891806
100002201867059
100004494840885
100012711545259
1655362357
602900619
100027263323911
100009149627398
100045543940677
61575758920765
100000575807905
100053196631986
100034651311683
61569419837065
1155909247
100000858743639
1125698119
1575144651
100009800670939
100000254660087
100011175580806
100071582499889
618012055
100074892505747
756987257
100005787786038
100009262140903
61566398367568
100007958613012
100000099772004
100028128110484
100003968032565
797904845
100073942517410
61571832238757
620808977
100009047562104
100042435213505
100007845575265
1123472292
100039192517007
100093205846725
100034125423669
61574944512421
613265499
61554768550557
100036386074470
100005954981331
100038603648192
61563298527076
681392125
100027449209844
560585188
100005973933053
100009435481330
100000809605083
100001317717373
692714864
61557171897234
100003856633663
100001848088060
100071216671005
100059037588903
100090083061486
100000315853653
100028131213220
100011133911781
100080789255608
100001394181403
100001290304849
61564466560794
100000754374205
61579243067425
100018547159036
100004805923786
100000483698488
61562617150192
1090056311
100012188439223
1077383254
711257398
1312862828
100072802294424
100033682788391
61579712249079
639138576
100021299214818
100089669982513
100003216938006
1553125071
1312954459
559982974
100000036520509
100040777484378
100047001410152
658727253
1333295845
1777681227
1373105561
100006600332259
100061435533083
100016701274683
100051437793866
100001325730222
100049453278528
100011343880640
1344768959
100055131626791
100003575477851
100010253741767
61552590244108
61580150141251
100003625189420
690336651
655271331
100053028610732
100003830965408
100049424504183
639538616
100000830383307
701717910
100001377737342
100014819565850
100001053126378
721402096
100001129886622
100001688809860
100001550502013
688287157
1590024691
100000503855361
100000684334229
1234521006
100042117166993
100001010031795
100006077252556
100078609590025
1626642372
100004207475722
100005610160838
535419832
61570437477864
100083876028255
1737685835
100076328178808
656063313
100001941917032
100037761632605
1064125457
100073718793630
100004321424658
61555537564995
100000838531970
100005743652608
100069802222132
61579257489972
100009165507194
61569508508231
100001187185449
1414966434
809484849
100043546839923
100076788643509
100000457564673
1087842709
100074889886909
100088034562807
1231367202
1207644083
100022926671637
524769385
100003269730169
100064875796418
687557776
100000321363668
783990396
544447685
100021929490551
100000100936590
100034236911284
61567119788286
61573536747425
571471043
100065181891471
100004509791539
100000975710286
100003256734640
533952123
100001771407082
100034220280319
100001286934450
100001913963934
1368128877
61550034027277
61577975342286
100002429737200
100001165576716
100007541052408
100095172447400
100004934856667
100040884513473
100092648213455
61573743665796
1404520785
100041469374783
100006860950948
1485936244
61575304749014
100001368466669
100002437501878
841943009
100009399050104
61555369987647
61573840331835
100003567744179
592081057
100066723559489
100001324486860
100093349782170
61571668657451
100051857891544
100026339258502
61579947351563
1397829792
100010453140472
61567135410046
100011986273586
100049766568267
1241188432
61577695275554
61552415085685
739200617
674088422
1484910513
100001387441914
100002690788799
100064714694725
100001612194627
100002778030101
100001438048194
61570926356871
100053168318770
1553810533
1351669090
100069866267366
100008061825272
100003198988206
1477658839
698133900
100002085562511
1596524033
100086434848023
1606664875
710933835
1570548542
597533569
1118416846
562653913
580010013
100000578406440
1007013520
100004568682227
100069694278482
1445006627
1208293159
100031329792648
100001182248806
100000177575905
100031246414241
61564366757461
533923158
100063901521763
100000702579561
100072602614447
1017939214
1675806676
100065613485464
100005803026123
100041464710489
100094257034854
61579926328075
1189681687
100001854428924
100001405807666
100065361314995
1826350234
100035772090101
61554516013493
562972337
100056854083123
100009368894678
100014036385365
61577501558818
100000688519614
1513470149
100001687644561
648766846
100020075375736
100095538157004
100072175545125
100006667991590
100077285253990
100003473807522
100048450662082
100002250435677
100087269973279
100068336602467
61579949994469
100000804248855
518806206
100001123067097
100069466758542
1562104104
100064844798572
1836448503
100002233651326
61580246469059
686547639
100006769868551
100047736592702
100026452459852
1060652582
100000947640414
100001285141732
100011238282421
1765167502
100032697287874
100011579471411
601543334
100041358137029
100010505085898
100082335867831
7017942
100050521991694
61564088790652
840174118
100001363832511
100076749481705
751641428
563638633
61577050264370
100002510402681
560290534
100093673384105
1421445374
100000745009760
100041964347353
100000938765517
100005250062601
1015125109
100094612394694
61576104028539
100006838181758
61554895335383
61579589795428
100003828017624
100068364738171
100003764806508
100016003959103
100077802535050
100003749329823
100003321476996
61578914994514
100069165926143
61577360575231
61550771474522
100077547130460
61566794732826
100015223956647
61558820382169
100071027381236
100002679452456
100003214866380
100037906212843
61573800684003
61578404626719
61574808592098
576828904
1677777987
100001524425507
100000625171401
100031849687032
1276853933
61572606278045
100089806746669
100000829526988
716311734
61557510133146
100000109343535
100090695054310
100059900976218
100015451567378
666530590
100003965796792
61573167630041
742367629
809455715
756609882
100002041669209
100053815400047
100011409906161
1171249053
100086946252578
1796317310
519337466
100008456640222
100003849487755
100006249287276
100015781296441
599306946
100067310841423
100000209541491
100002009719731
1350085262
704028976
100000249384386
100042558317192
100000069891850
100054109892594
100003737877048
100001517419571
100027679524058
100050560610280
100003109971223
100037373388948
61556552709768
61574252753309
100013934522214
61558608951123
100007479365402
100007521258032
1655515329
100072848473944
100001887708626
100068248123175
100072555683229
100013233134396
1155915908
100011501448851
550084546
1720791243
100000548217369
100000349504708
100002379880588
1039402154
1310798721
100092498487941
100051737990894
100046745448655
100006435537650
785052319
673966154
100012910412692
100072128025185
1824561880
100009598171061
100064228711025
61568131596869
1196109109
100000469744696
100003538138314
100030526523144
100005453145007
61579433450283
61575544657632
100007092823620
100004466107110
100088187604390
1377894564
100077670877917
590041961
100009403220117
100027830764273
100008309181194
61577375428068
61574963486477
1631048423
651267792
530896011
61579610072976
61579734658608
100094196724517
1081477741
100011504435485
61556925666106
100022172690329
61563452825709
61569888886224
1297607908
61555305282541
61571248455075
61556312446909
660930295
61552925113868
100063471008943
557360090
1072660040
642120352
61550327561136
100087672684559
61577588645691
100012098256712
61576609511508
100037771293948
61579298611177
100003387921124
1436870443
1239623586
513516955
100012658080045
100045680641142
100023561865338
100004774116027
100055295568960
100034061058663
100007875335334
1490342199
61580411379533
100002316216823
100029684283935
100027971916094
1323797189
100063978948752
514411085
100025706770552
1558546969
100067619333902
100002908048288
61560479155234
100070358675646
1399533852
100082289643330
100003037592086
100082951733953
542275204
100063805593500
100009362236013
100003098520685
61566961975482
872555112
100055093720623
100064708440613
100002129580960
100002607192600
1542605242
696031802
61575431502075
100079519410224
659388772
100012778140347
100004308361805
729713503
100002857613984
61550945387799
100046913498535
100002033762196
61563442103621
100058506878709
100008349422234
61573436804886
100000729812043
514867020
1840928573
61577105365327
100093665154956
100027828139294
61580101702100
100002934021938
100041490822992
61552389694388
506458998
100094228351776
895185267
61572992949368
100003983436933
1118043030
61553557680306
61571617084019
1619024142
100000449233048
61550099246160
100000724627592
100000597199436
100004041360850
514634263
100000198469397
61572851592149
100049519749030
100003113020483
61581066477749
714013030
100009138679874
100044897436725
1680902682
61574763217363
100039522909917
100027793291024
100028087823052
1552400844
1460163558
1465240739
100005452936715
61558824451309
100000978651250
772512209
100045610178056
1533211372
100011484003408
1323361495
61559915815326
100080428144402
100003579035169
100024837006264
100044817800677
1586183796
61563989243225
100041776003236
100000780130748
1544961917
100037476789611
61556292446362
100085097899312
100003272708543
100000704303689
100005828289674
1013378346
1499983784
708994692
100000029975519
100004315560283
100092167664250
61559440809982
100021982535653
829914919
100002313153314
100000962007760
61576626898315
61556577390548
1531478351
61560858069163
100040633810114
218800056
100000975898549
100000823852925
100055664946859
61580051873705
100047876804346
513353164
100006488051749
100000056314320
100058275450095
1396723928
61564744462507
100000082437647
100004745951082
100000300798078
61551565326565
100000037273968
61554684036312
543338569
100075626455512
100035963423661
100004076041610
100009740581546
100000719777545
100000078553985
100004172671071
1110625173
61581153322631
609747668
100007986071366
100090044230036
100039154663729
822940611
1663080599
1299522743
100000438389229
100090243840076
1166922700
100007988687813
671497615
100004018465559
100025042601410
692611688
100001362715106
100001618941720
100006644496112
100000092300608
100000409219172
100000401203916
1399283826
750792980
61578702577912
100000779739271
100080210755980
61575879325947
100010264290936
576338571
100003548257536
100009077999458
100022742497526
100094038414192
100002325086453
100011992878519
100094082951594
1549125242
1231547599
100000191034113
100000972191828
61577971626321
707362710
719508825
1098573305
100073965125431
100010332698644
61555772230594
100000165432059
100011256252490
100037821322632
1803873485
1838487097
61556162641343
100011241931554
1228614612
100005095780644
61572893438983
100004190404417
776322697
100003373488890
61575720127490
1291608511
61577927351954
100084120087214
100044184441527
100024460267437
100016007883920
100014218576180
61579933171808
100038583572259
61563814178714
100000468264594
100050644431339
100051372113078
100073241720871
100011661621303
729915221
100000412182977
100009263541235
1398177281
1617056596
100013625955542
1016931677
692246524
100002180759138
61570355373767
100087061870632
100064603294821
1632121708
100004523824620
100008855137851
1450635230
100002284662132
100017980111993
100077069746403
100025206139254
100025298747949
528076632
100016122184809
100000443684728
100087269377372
100002533089141
100010321454316
562042226
100001431326635
100000812079257
100000081621789
100087924925310
1106281188
100080999774697
1756256766
100010779365069
100004985769646
61577223260931
100018985635788
100093623283610
100016267993039
506892895
61557216372308
100090231215352
100008010332364
100003210903873
100003291209800
61565874912627
100000873995189
61556308900590
100064974491857
100016164099857
100003352086475
1809257808
1267579187
1104601664
100043024492710
61551349545291
100077075663352
100003035918661
61557403195486
100030212300929
100029189328402
100082634322524
1155267054
557744857
100000890809808
61563281903637
100030494422296
100061564064766
100009669076914
1435662231
837585256
100001623652592
100008206573075
708927405
61555281633533
100017733491949
100023052284576
514477783
61559823417619
100001465512040
100066875084485
611268407
100079343100915
61557377380643
100029279770591
100011111749254
100000467528832
536915082
100010045265241
100013648966787
61579499620859
100078202873937
633487999
651629740
100002445829329
560850778
100009837019210
100007238254259
100055580884546
100006334868606
100017011419274
100000943398694
100000823280168
1286764759
747932472
100001644680620
584448295
100000245007200
1558674705
100074733355655
61579709332557
100058453014857
100003240666946
100009408877745
100009334086416
100079105286274
100000007331443
1179272809
100036103668481
100051904993685
100073010923948
100087655392002
100004517464151
61552769048149
61552708388138
100015296558712
825814865
1408835856
100000913047755
61553689418334
100009457224415
61569468354141
100000699744706
100024193060647
1536769756
100001532671372
100003648077876
710610252
100001049167584
100001783521934
100002732019407
100001144626855
100001863529510
100092159555378
61556914636599
100003219247714
100007634534765
586813386
100017177821621
100030198879567
61573107570260
1180471876
100051018287603
100014291079890
100014265827948
1632653375
100000475062568
532547022
100002307996138
100001264777170
1112611845
100002064979466
556687488
61552421343575
100016898161455
100036976232515
100009476020156
100040135183212
100089314276228
1137224597
818972891
711502941
1155795689
610201347
61558542533013
100002727318972
699234316
61566559457410
100009368375766
1046200043
61556669970228
1509163583
1840699902
100000656333436
1471729195
100000145062171
61579551831898
61576034250178
100027530227102
1283197661
100002662817664
100000766101117
100046989060098
100051435721875
100042901576856
100006243512056
100025550383851
1508858023
1638801206
61572820186160
1416300226
100003310488319
732000333
100010944450323
100000508927991
518006624
100000902901888
61575562731746
1381040243
100073047101645
61577956030900
1141844995
100012536378338
546641699
822185441
1460310875
1042278711
100010882655900
1357336631
1242216308
100009827629398
100003207572582
1361785946
61555016546908
100001281147413
750573111
61554757156623
697886840
1708970718
100008428337035
100060468950994
100065276821240
1051525318
100054232980078
546151645
695763815
61558204443636
100033964992222
61576399827270
100000166181859
100049073232373
100037883251614
686204439
100070843208185
100015605529250
100006562274453
100080225570255
100004614330333
100045364090870
61579254287467
649951684
100056163920349
100003893504132
100001568582660
1165450647
100013766557630
100002364267077
100000011888944
100035605714986
100000786387241
100009484825694
100011058855172
100000764421594
1800565875
100081885392306
544826079
1545140518
100001616910471
100000252746121
100001510110576
1153543488
61579081086497
1722648655
100032193286422
100002047794546
100003084966355
667335283
653229751
100005043405102
100001614740928
100005263787015
100005270196001
100008295893209
100036711892326
1513797811
61564234183771
706914330
100012462884906
100003495252086
100080465224972
100001013094850
100025790108433
100007260905800
1349917000
100000532883543
100010386309875
61575158429943
1525677787
100005568660964
100073725144183
100007408329776
100002430114304
100002135064929
1402930022
1819075899
1601831038
1474915186
100016524549853
100013750750158
100052551765184
651983735
1546429770
61550221783348
100000408326221
100010199521742
100003007017073
100000578281445
100012034862502
100010825419550
100078252746334
100001845420254
